Rk,Player,Pos,Age,Tm,G,GS,MP,FG,FGA,FG%,3P,3PA,3P%,2P,2PA,2P%,eFG%,FT,FTA,FT%,ORB,DRB,TRB,AST,STL,BLK,TOV,PF,PTS
1,Steven Adams\adamsst01,C,26,OKC,43,43,26.8,4.5,7.5,.599,0.0,0.0,.000,4.5,7.5,.601,.599,1.9,3.3,.579,3.4,6.0,9.3,2.6,0.7,1.1,1.4,1.8,10.9
2,Bam Adebayo\adebaba01,PF,22,MIA,47,47,34.5,6.1,10.4,.589,0.0,0.2,.091,6.1,10.2,.600,.590,3.6,5.3,.692,2.5,7.9,10.4,4.7,1.2,1.1,2.8,2.5,16.0
3,LaMarcus Aldridge\aldrila01,C,34,SAS,43,43,33.2,7.4,14.6,.510,1.2,2.8,.429,6.3,11.8,.528,.550,3.0,3.6,.845,2.0,5.5,7.5,2.3,0.6,1.7,1.4,2.5,19.1
4,Nickeil Alexander-Walker\alexani01,SG,21,NOP,38,0,12.8,2.0,5.8,.347,1.1,3.1,.345,1.0,2.8,.349,.437,0.4,0.7,.607,0.2,1.8,2.0,1.9,0.3,0.2,0.9,1.1,5.6
5,Grayson Allen\allengr01,SG,24,MEM,30,0,16.6,2.6,5.9,.449,1.1,3.0,.363,1.5,2.8,.541,.543,1.0,1.2,.857,0.2,2.0,2.2,1.4,0.2,0.0,0.8,1.2,7.4
6,Jarrett Allen\allenja01,C,21,BRK,46,42,27.2,4.4,6.9,.642,0.0,0.1,.000,4.4,6.8,.651,.642,2.5,4.0,.639,3.1,6.6,9.7,1.2,0.7,1.5,1.2,2.5,11.4
7,Kadeem Allen\allenka01,SG,27,NYK,9,0,10.7,1.9,4.7,.405,0.6,1.8,.313,1.3,2.9,.462,.464,0.6,0.9,.625,0.2,0.7,0.9,2.1,0.4,0.2,0.9,0.8,4.9
8,Al-Farouq Aminu\aminual01,PF,29,ORL,18,2,21.1,1.4,4.8,.291,0.5,2.0,.250,0.9,2.8,.320,.343,1.1,1.6,.655,1.3,3.5,4.8,1.2,1.0,0.4,0.9,1.5,4.3
9,Justin Anderson\anderju01,SF,26,BRK,3,0,5.7,0.3,2.0,.167,0.0,1.0,.000,0.3,1.0,.333,.167,0.3,0.7,.500,0.0,0.7,0.7,0.0,0.0,0.3,0.0,0.7,1.0
10,Kyle Anderson\anderky01,PF,26,MEM,42,5,17.1,2.0,4.2,.472,0.2,0.9,.194,1.8,3.4,.542,.492,0.7,1.1,.667,0.9,3.0,3.9,2.1,0.7,0.5,0.8,1.4,4.9
11,Ryan Anderson\anderry01,PF,31,HOU,2,0,7.0,1.0,3.5,.286,0.5,2.5,.200,0.5,1.0,.500,.357,0.0,0.0,,0.0,3.5,3.5,1.0,0.5,0.0,0.5,0.5,2.5
12,Giannis Antetokounmpo\antetgi01,PF,25,MIL,43,43,30.7,11.1,19.9,.557,1.6,5.0,.321,9.5,14.9,.637,.598,6.2,10.2,.606,2.3,10.6,12.9,5.6,1.1,1.0,3.6,3.2,30.0
13,Kostas Antetokounmpo\antetko01,PF,22,LAL,3,0,1.7,0.0,0.0,,0.0,0.0,,0.0,0.0,,,0.0,0.0,,0.0,0.3,0.3,0.3,0.0,0.0,0.0,0.0,0.0
14,Thanasis Antetokounmpo\antetth01,SF,27,MIL,14,0,4.0,0.8,1.4,.550,0.0,0.1,.000,0.8,1.3,.611,.550,0.3,0.6,.500,0.4,0.1,0.5,0.4,0.1,0.1,0.4,0.5,1.9
15,Carmelo Anthony\anthoca01,PF,35,POR,33,33,32.5,6.1,14.1,.429,1.4,3.8,.370,4.6,10.3,.451,.480,2.3,2.7,.833,1.2,5.4,6.7,1.6,0.9,0.5,1.8,3.1,15.8
16,OG Anunoby\anunoog01,SF,22,TOR,46,45,29.2,4.2,8.6,.490,1.3,3.6,.365,2.9,4.9,.581,.567,0.8,1.2,.673,1.1,4.4,5.5,1.7,1.1,0.7,1.2,2.5,10.5
17,Ryan Arcidiacono\arcidry01,PG,25,CHI,46,0,14.4,1.3,3.3,.388,0.8,2.0,.391,0.5,1.3,.383,.507,0.4,0.6,.731,0.3,1.3,1.6,1.5,0.4,0.1,0.5,1.6,3.8
18,Trevor Ariza\arizatr01,SF,34,TOT,35,3,25.6,2.4,5.6,.421,1.5,3.9,.370,0.9,1.7,.542,.551,0.7,0.9,.774,0.7,3.9,4.6,1.5,1.1,0.2,0.9,2.1,6.9
18,Trevor Ariza\arizatr01,SF,34,SAC,32,0,24.7,2.0,5.2,.388,1.3,3.8,.352,0.7,1.3,.488,.518,0.7,0.8,.778,0.7,3.9,4.6,1.6,1.1,0.2,0.9,2.0,6.0
18,Trevor Ariza\arizatr01,SF,34,POR,3,3,35.3,6.3,10.7,.594,2.7,5.3,.500,3.7,5.3,.688,.719,1.0,1.3,.750,0.7,4.3,5.0,1.3,1.3,0.0,1.3,3.0,16.3
19,D.J. Augustin\augusdj01,PG,32,ORL,39,6,26.0,3.3,8.4,.393,1.2,3.5,.346,2.1,4.9,.426,.465,2.9,3.3,.877,0.4,2.1,2.4,4.7,0.7,0.0,1.4,1.1,10.7
20,Deandre Ayton\aytonde01,C,21,PHO,17,12,32.3,7.8,14.5,.538,0.0,0.1,.000,7.8,14.5,.541,.538,2.2,2.7,.826,3.6,8.2,11.9,1.9,0.8,1.4,1.6,3.1,17.9
21,Dwayne Bacon\bacondw01,SG,24,CHO,36,10,17.9,2.4,6.6,.359,0.5,1.8,.288,1.8,4.8,.386,.399,0.9,1.4,.647,0.4,2.1,2.4,1.4,0.6,0.1,0.9,1.4,6.2
22,Marvin Bagley\baglema01,PF,20,SAC,13,6,25.7,6.0,12.8,.467,0.3,1.7,.182,5.7,11.2,.510,.479,1.9,2.4,.806,2.2,5.2,7.5,0.8,0.5,0.9,1.4,3.3,14.2
23,Lonzo Ball\balllo01,PG,22,NOP,40,31,31.3,4.4,11.4,.385,2.3,6.5,.353,2.1,5.0,.427,.485,0.7,1.3,.540,1.2,4.7,5.9,6.6,1.3,0.4,2.8,1.9,11.8
24,Mo Bamba\bambamo01,C,21,ORL,44,0,15.3,2.2,4.8,.455,0.6,1.8,.329,1.6,3.0,.530,.516,0.5,0.7,.667,1.5,3.6,5.1,0.7,0.4,1.4,0.8,1.9,5.5
25,J.J. Barea\bareajo01,PG,35,DAL,14,3,15.5,3.6,7.6,.467,1.5,3.2,.467,2.1,4.4,.468,.565,0.5,0.5,1.000,0.4,1.4,1.9,3.4,0.2,0.1,1.2,0.7,9.1
26,Harrison Barnes\barneha02,PF,27,SAC,47,47,35.0,5.1,11.4,.449,1.3,3.7,.345,3.8,7.7,.500,.506,3.4,4.2,.794,0.9,3.9,4.9,2.0,0.6,0.1,1.3,1.1,14.9
27,RJ Barrett\barrerj01,SG,19,NYK,41,41,31.2,5.1,13.0,.393,1.1,3.5,.329,4.0,9.5,.417,.437,2.7,4.5,.603,1.1,4.2,5.2,2.5,1.0,0.4,2.2,2.2,14.1
28,Will Barton\bartowi01,SF,29,DEN,44,44,33.3,5.6,12.7,.441,1.7,4.7,.361,3.9,8.1,.487,.507,1.8,2.4,.760,1.5,5.0,6.5,3.7,1.2,0.5,1.4,2.1,14.7
29,Keita Bates-Diop\bateske01,SF,24,MIN,35,0,18.0,2.5,5.8,.424,0.9,2.6,.337,1.6,3.2,.495,.500,1.3,1.9,.708,0.6,2.5,3.1,0.8,0.5,0.6,0.4,1.0,7.1
30,Nicolas Batum\batumni01,SF,31,CHO,22,3,23.0,1.3,3.7,.346,0.6,2.2,.286,0.6,1.5,.438,.432,0.4,0.5,.900,1.1,3.4,4.5,3.0,0.8,0.4,1.0,1.9,3.6
31,Aron Baynes\baynear01,C,33,PHO,33,25,22.9,4.4,9.0,.490,1.3,3.8,.333,3.2,5.2,.605,.560,1.3,1.8,.721,1.6,4.1,5.8,1.9,0.2,0.6,1.2,3.5,11.5
32,Kent Bazemore\bazemke01,SF-SG,30,TOT,47,21,25.2,2.6,7.4,.347,1.3,3.8,.328,1.3,3.6,.367,.431,1.4,1.8,.791,0.4,3.6,4.0,1.3,1.0,0.7,1.4,2.8,7.9
32,Kent Bazemore\bazemke01,SF,30,POR,43,21,25.8,2.6,7.6,.347,1.3,4.0,.327,1.3,3.6,.368,.433,1.3,1.7,.806,0.3,3.7,4.0,1.4,1.0,0.7,1.4,2.8,7.9
32,Kent Bazemore\bazemke01,SG,30,SAC,4,0,18.5,2.0,5.8,.348,0.8,2.3,.333,1.3,3.5,.357,.413,2.5,3.5,.714,1.0,2.5,3.5,0.3,1.0,0.3,1.3,3.0,7.3
33,Darius Bazley\bazleda01,PF,19,OKC,49,8,17.6,1.7,4.4,.387,0.6,2.0,.302,1.1,2.5,.455,.454,0.6,0.9,.667,0.4,3.4,3.8,0.6,0.3,0.7,0.8,0.9,4.6
34,Bradley Beal\bealbr01,SG,26,WAS,39,39,35.5,9.8,21.6,.453,2.5,7.8,.318,7.3,13.8,.530,.511,6.5,7.7,.846,1.0,3.4,4.4,6.3,1.0,0.3,3.3,2.3,28.6
35,Malik Beasley\beaslma01,SG,23,DEN,37,0,17.5,2.7,6.9,.389,1.3,3.6,.356,1.4,3.4,.424,.481,0.8,0.8,.935,0.2,1.5,1.8,1.0,0.8,0.2,0.9,1.2,7.5
36,Marco Belinelli\belinma01,SG,33,SAS,42,0,15.3,2.0,5.4,.376,1.0,2.9,.355,1.0,2.5,.400,.471,0.7,0.9,.795,0.1,1.6,1.7,1.3,0.2,0.0,0.3,0.9,5.8
37,Jordan Bell\belljo01,C,25,MIN,25,0,8.8,1.2,2.3,.526,0.1,0.3,.250,1.1,2.0,.571,.544,0.7,1.2,.586,1.1,1.9,3.0,0.6,0.1,0.4,0.7,0.6,3.2
38,DeAndre' Bembry\bembrde01,SG,25,ATL,43,4,21.3,2.4,5.3,.456,0.3,1.5,.231,2.1,3.8,.546,.489,0.6,1.1,.542,0.8,2.7,3.5,1.9,1.3,0.4,1.4,2.0,5.8
39,Dragan Bender\bendedr01,SF,22,MIL,7,0,13.0,1.4,3.0,.476,0.6,1.3,.444,0.9,1.7,.500,.571,0.3,0.4,.667,0.0,2.9,2.9,1.3,0.0,0.7,0.7,2.3,3.7
40,Dāvis Bertāns\bertada01,PF,27,WAS,37,4,29.3,4.9,11.3,.437,3.6,8.5,.427,1.3,2.8,.466,.598,1.7,1.9,.873,0.8,3.8,4.6,1.7,0.7,0.7,0.9,2.5,15.2
41,Patrick Beverley\beverpa01,PG,31,LAC,36,36,28.3,3.1,7.2,.423,1.5,4.3,.351,1.6,2.9,.528,.527,0.7,1.1,.632,1.3,4.7,6.0,4.0,1.3,0.6,1.3,3.2,8.3
42,Khem Birch\birchkh01,C,27,ORL,34,22,21.3,1.5,3.1,.486,0.0,0.0,.000,1.5,3.1,.491,.486,1.1,1.9,.600,2.0,2.9,4.9,1.0,0.5,0.6,0.6,1.9,4.2
43,Goga Bitadze\bitadgo01,C,20,IND,38,2,9.2,1.3,2.7,.480,0.1,0.6,.167,1.2,2.1,.577,.500,0.5,0.8,.690,0.6,1.7,2.3,0.5,0.1,0.7,0.6,1.2,3.2
44,Bismack Biyombo\biyombi01,C,27,CHO,43,25,19.1,2.9,5.4,.537,0.0,0.0,,2.9,5.4,.537,.537,1.7,2.7,.619,2.3,3.5,5.9,0.8,0.2,0.8,0.9,2.2,7.5
45,Nemanja Bjelica\bjeline01,PF,31,SAC,47,44,28.2,4.7,9.6,.486,2.0,4.5,.434,2.7,5.1,.531,.587,1.0,1.1,.870,1.6,4.8,6.4,2.7,0.9,0.6,1.5,3.0,12.3
46,Eric Bledsoe\bledser01,PG,30,MIL,39,39,26.3,5.6,11.7,.482,1.3,3.6,.353,4.4,8.1,.539,.536,2.9,3.5,.844,0.7,3.8,4.5,5.2,0.9,0.5,2.2,2.2,15.5
47,Bogdan Bogdanović\bogdabo01,SG,27,SAC,36,3,28.1,5.4,12.6,.428,2.6,7.1,.366,2.8,5.5,.508,.531,1.2,1.8,.662,0.4,2.7,3.1,3.3,1.0,0.3,1.9,2.1,14.6
48,Bojan Bogdanović\bogdabo02,SF,30,UTA,46,46,33.3,7.0,15.4,.453,3.2,7.5,.422,3.8,7.9,.482,.555,4.1,4.5,.909,0.6,3.5,4.1,2.0,0.6,0.1,2.7,1.8,21.2
49,Jonah Bolden\boldejo01,PF,24,PHI,4,0,3.5,0.5,0.8,.667,0.0,0.3,.000,0.5,0.5,1.000,.667,0.0,0.5,.000,0.0,0.3,0.3,0.0,0.3,0.0,0.5,1.0,1.0
50,Jordan Bone\bonejo01,PG,22,DET,6,0,3.2,0.3,1.5,.222,0.0,0.5,.000,0.3,1.0,.333,.222,0.0,0.0,,0.0,0.0,0.0,0.5,0.0,0.0,0.3,0.3,0.7
51,Isaac Bonga\bongais01,SF,20,WAS,41,27,17.2,1.7,3.0,.552,0.3,0.8,.394,1.4,2.2,.609,.604,0.8,1.1,.756,1.0,2.2,3.2,1.0,0.7,0.3,0.7,2.2,4.5
52,Devin Booker\bookede01,SG,23,PHO,44,44,36.0,9.3,18.2,.510,2.0,5.3,.368,7.3,12.9,.569,.564,6.5,7.1,.917,0.5,3.5,4.1,6.4,0.8,0.3,3.9,3.1,27.1
53,Chris Boucher\bouchch01,PF,27,TOR,39,0,12.7,2.1,4.6,.456,0.5,1.7,.303,1.6,2.9,.544,.511,1.4,1.8,.736,1.9,2.5,4.4,0.5,0.4,0.9,0.4,1.7,6.1
54,Brian Bowen\bowenbr02,SG,21,IND,3,0,3.3,0.3,1.3,.250,0.0,0.3,.000,0.3,1.0,.333,.250,0.0,0.0,,0.0,0.3,0.3,0.0,0.0,0.3,0.0,0.0,0.7
55,Ky Bowman\bowmaky01,PG,22,GSW,37,10,22.4,2.9,7.1,.409,0.8,2.4,.344,2.1,4.7,.443,.468,0.6,0.8,.828,0.5,2.1,2.5,2.8,1.0,0.1,1.3,2.2,7.3
56,Avery Bradley\bradlav01,SG,29,LAL,32,27,23.0,3.2,7.3,.444,0.7,2.6,.268,2.5,4.7,.540,.491,0.3,0.4,.750,0.4,1.7,2.2,1.1,0.9,0.1,1.1,2.3,7.4
57,Tony Bradley\bradlto01,C,22,UTA,36,2,10.3,1.9,3.0,.642,0.0,0.0,,1.9,3.0,.642,.642,0.5,0.9,.613,1.6,2.6,4.2,0.3,0.3,0.4,0.5,2.1,4.4
58,Jarrell Brantley\brantja01,PF,23,UTA,2,0,4.5,0.0,0.0,,0.0,0.0,,0.0,0.0,,,0.0,0.0,,0.0,2.0,2.0,0.5,0.0,1.0,0.5,0.5,0.0
59,Ignas Brazdeikis\brazdig01,SF,21,NYK,9,0,5.9,0.7,2.4,.273,0.1,1.0,.111,0.6,1.4,.385,.295,0.4,0.6,.800,0.2,0.3,0.6,0.4,0.0,0.1,0.2,0.3,1.9
60,Mikal Bridges\bridgmi01,SF,23,PHO,47,6,24.3,2.8,5.4,.516,0.6,1.9,.322,2.2,3.5,.620,.572,1.3,1.7,.808,0.8,3.0,3.8,1.5,1.4,0.5,0.9,2.1,7.6
61,Miles Bridges\bridgmi02,SF,21,CHO,47,46,30.0,4.6,10.6,.438,1.4,4.1,.344,3.2,6.4,.498,.505,1.3,1.6,.803,1.2,4.1,5.3,1.7,0.6,0.7,1.6,2.1,12.0
62,Oshae Brissett\brissos01,SF,21,TOR,14,0,8.2,0.8,2.1,.367,0.2,0.9,.250,0.6,1.3,.444,.417,0.4,0.4,.833,0.6,0.9,1.5,0.3,0.2,0.1,0.4,1.1,2.1
63,Ryan Broekhoff\broekry01,SG,29,DAL,11,0,7.7,1.2,2.5,.464,1.0,2.0,.500,0.2,0.5,.333,.661,0.5,0.5,.833,0.1,1.3,1.4,0.4,0.2,0.1,0.3,0.6,3.8
64,Malcolm Brogdon\brogdma01,PG,27,IND,34,34,30.3,6.1,13.9,.444,1.4,4.1,.341,4.8,9.8,.486,.494,3.3,3.6,.911,0.7,3.7,4.4,7.4,0.8,0.2,2.5,1.8,17.0
65,Dillon Brooks\brookdi01,SG,24,MEM,48,48,28.3,5.9,13.7,.427,2.2,5.4,.404,3.7,8.3,.442,.507,2.4,2.8,.838,1.0,2.4,3.4,2.0,1.0,0.4,1.7,3.8,16.3
66,Bruce Brown\brownbr01,SG,23,DET,46,36,27.1,3.3,7.4,.453,0.6,1.7,.342,2.8,5.7,.485,.491,1.5,2.1,.691,0.9,3.3,4.2,3.9,1.2,0.5,1.7,2.7,8.7
67,Charlie Brown\brownch02,SG,22,ATL,8,0,4.6,0.6,2.1,.294,0.4,1.0,.375,0.3,1.1,.222,.382,0.6,0.6,1.000,0.3,0.3,0.5,0.3,0.3,0.3,0.3,0.3,2.3
68,Jaylen Brown\brownja02,SF,23,BOS,38,38,33.7,7.3,14.8,.495,2.1,5.4,.390,5.2,9.4,.555,.566,3.4,4.5,.749,1.1,5.5,6.6,2.4,1.2,0.3,2.3,2.9,20.1
69,Moses Brown\brownmo01,C,20,POR,7,0,3.3,0.6,1.3,.444,0.0,0.0,,0.6,1.3,.444,.444,0.3,0.6,.500,0.4,1.1,1.6,0.0,0.1,0.0,0.4,0.7,1.4
70,Sterling Brown\brownst02,SF,24,MIL,32,0,14.9,1.8,4.7,.380,0.8,2.4,.338,1.0,2.3,.425,.467,0.7,0.9,.767,0.7,3.2,3.8,1.0,0.6,0.1,0.9,1.1,5.1
71,Troy Brown\browntr01,SG,20,WAS,43,14,26.0,4.1,8.7,.468,0.8,2.4,.353,3.3,6.4,.511,.516,1.6,2.1,.764,1.2,4.7,5.9,2.2,1.3,0.1,1.1,1.9,10.6
72,Jalen Brunson\brunsja01,PG,23,DAL,47,8,16.9,3.0,6.3,.466,0.7,2.0,.344,2.3,4.3,.525,.522,1.0,1.2,.789,0.4,1.9,2.3,3.1,0.4,0.1,1.1,1.3,7.6
73,Thomas Bryant\bryanth01,C,22,WAS,26,23,25.4,5.1,8.9,.569,0.5,1.7,.326,4.5,7.3,.624,.599,1.8,2.3,.767,2.0,5.3,7.3,2.3,0.4,0.8,1.4,2.2,12.5
74,Reggie Bullock\bullore01,SG,28,NYK,15,12,25.1,3.9,9.3,.417,1.5,4.7,.329,2.3,4.6,.507,.500,0.5,0.6,.778,0.5,1.5,2.1,1.3,1.2,0.0,0.5,2.3,9.7
75,Trey Burke\burketr01,PG,27,PHI,23,0,13.6,2.5,5.3,.479,0.7,1.6,.444,1.8,3.7,.494,.545,0.6,0.8,.722,0.6,0.9,1.5,2.2,0.3,0.0,0.5,0.8,6.3
76,Alec Burks\burksal01,SG,28,GSW,45,18,29.2,5.0,12.5,.401,1.6,4.5,.360,3.4,8.0,.424,.465,4.1,4.6,.898,0.8,4.0,4.8,3.2,1.0,0.3,1.6,2.3,15.8
77,Deonte Burton\burtode02,SG,26,OKC,30,0,8.5,1.1,3.1,.366,0.2,1.3,.179,0.9,1.8,.500,.403,0.2,0.4,.500,0.2,1.1,1.3,0.3,0.1,0.3,0.3,0.9,2.7
78,Jimmy Butler\butleji01,SF,30,MIA,41,41,34.8,5.9,13.3,.441,0.6,2.6,.245,5.2,10.7,.489,.465,7.9,9.5,.835,1.9,5.0,6.9,6.4,1.8,0.6,2.3,1.4,20.2
79,Bruno Caboclo\cabocbr01,SF,24,MEM,22,0,8.7,1.3,3.1,.406,0.2,1.1,.160,1.1,2.0,.545,.435,0.1,0.1,.667,0.8,1.2,2.0,0.5,0.5,0.5,0.3,1.0,2.8
80,Kentavious Caldwell-Pope\caldwke01,SG,26,LAL,46,20,25.7,3.5,7.4,.471,1.5,3.4,.430,2.0,4.0,.505,.571,1.3,1.6,.819,0.6,1.6,2.2,1.8,0.8,0.2,0.9,1.8,9.7
81,Vlatko Čančar\cancavl01,SF,22,DEN,9,0,1.8,0.2,0.6,.400,0.1,0.3,.333,0.1,0.2,.500,.500,0.2,0.2,1.000,0.1,0.2,0.3,0.3,0.1,0.0,0.1,0.1,0.8
82,Clint Capela\capelca01,C,25,HOU,39,39,32.8,6.3,9.9,.629,0.0,0.0,,6.3,9.9,.629,.629,1.4,2.7,.529,4.3,9.5,13.8,1.2,0.8,1.8,1.6,2.6,13.9
83,DeMarre Carroll\carrode01,SF,33,SAS,15,0,9.0,0.6,1.9,.310,0.2,0.9,.231,0.4,1.1,.375,.362,0.8,1.3,.600,0.5,1.6,2.1,0.7,0.1,0.1,0.7,1.3,2.2
84,Jevon Carter\carteje01,PG,24,PHO,32,2,13.4,1.3,3.5,.378,0.8,1.9,.393,0.6,1.6,.360,.486,0.2,0.3,.778,0.4,1.3,1.7,1.4,0.8,0.3,0.8,1.5,3.6
85,Vince Carter\cartevi01,SF,43,ATL,41,0,15.0,1.8,5.2,.340,1.0,3.6,.288,0.8,1.7,.449,.437,0.4,0.5,.714,0.2,1.8,2.0,1.0,0.4,0.4,0.6,1.5,5.0
86,Wendell Carter\cartewe01,C,20,CHI,37,37,30.0,4.5,8.4,.537,0.2,0.8,.214,4.3,7.6,.569,.547,2.6,3.5,.736,3.5,6.4,9.9,1.2,0.8,0.9,1.7,3.8,11.7
87,Michael Carter-Williams\cartemi01,SG,28,ORL,25,0,16.7,2.3,5.6,.411,0.4,1.5,.243,2.0,4.2,.471,.443,1.3,1.8,.750,0.9,2.2,3.1,2.2,1.0,0.4,0.9,1.6,6.3
88,Alex Caruso\carusal01,PG,25,LAL,43,0,18.9,1.9,4.6,.406,0.7,1.9,.346,1.2,2.7,.448,.477,1.1,1.4,.800,0.2,1.7,1.9,1.8,1.1,0.3,0.9,1.6,5.5
89,Willie Cauley-Stein\caulewi01,C,26,TOT,42,37,22.7,3.5,6.2,.559,0.0,0.0,,3.5,6.2,.559,.559,0.8,1.4,.614,1.7,4.4,6.1,1.5,1.1,1.2,0.8,2.5,7.8
89,Willie Cauley-Stein\caulewi01,C,26,GSW,41,37,22.9,3.5,6.3,.560,0.0,0.0,,3.5,6.3,.560,.560,0.9,1.4,.614,1.7,4.5,6.2,1.5,1.1,1.2,0.9,2.5,7.9
89,Willie Cauley-Stein\caulewi01,C,26,DAL,1,0,12.0,2.0,4.0,.500,0.0,0.0,,2.0,4.0,.500,.500,0.0,0.0,,2.0,1.0,3.0,1.0,2.0,0.0,0.0,1.0,4.0
90,Tyson Chandler\chandty01,C,37,HOU,25,5,8.8,0.6,0.7,.778,0.0,0.0,,0.6,0.7,.778,.778,0.2,0.5,.462,1.0,1.6,2.6,0.2,0.2,0.3,0.3,1.3,1.4
91,Wilson Chandler\chandwi01,SF,32,BRK,18,0,20.5,2.6,5.6,.460,1.1,3.3,.322,1.5,2.3,.659,.555,0.7,0.8,.857,0.3,4.2,4.4,1.2,0.6,0.3,1.1,2.2,6.8
92,Zylan Cheatham\cheatzy01,SF,24,NOP,3,0,10.3,0.7,1.7,.400,0.0,0.3,.000,0.7,1.3,.500,.400,0.0,0.0,,0.3,1.7,2.0,0.7,0.0,0.3,1.0,1.7,1.3
93,Chris Chiozza\chiozch01,PG,24,TOT,12,0,11.3,0.8,3.2,.263,0.6,1.5,.389,0.3,1.7,.150,.355,0.0,0.0,,0.0,1.4,1.4,2.5,0.9,0.2,0.8,1.0,2.3
93,Chris Chiozza\chiozch01,PG,24,WAS,10,0,12.3,1.0,3.4,.294,0.7,1.6,.438,0.3,1.8,.167,.397,0.0,0.0,,0.0,1.5,1.5,2.8,1.0,0.2,0.9,1.2,2.7
93,Chris Chiozza\chiozch01,PG,24,BRK,2,0,6.0,0.0,2.0,.000,0.0,1.0,.000,0.0,1.0,.000,.000,0.0,0.0,,0.0,1.0,1.0,1.0,0.5,0.0,0.0,0.0,0.0
94,Marquese Chriss\chrisma01,PF,22,GSW,43,5,18.0,2.9,5.6,.517,0.1,0.6,.231,2.7,5.0,.551,.529,1.8,2.4,.760,1.9,3.5,5.4,1.8,0.6,0.9,1.3,1.9,7.7
95,Gary Clark\clarkga01,PF,25,TOT,23,0,12.2,1.3,3.3,.413,1.0,2.7,.355,0.4,0.6,.692,.560,0.3,0.3,.857,0.8,1.7,2.5,0.5,0.1,0.4,0.2,1.0,3.9
95,Gary Clark\clarkga01,PF,25,HOU,18,0,11.8,1.3,3.3,.390,1.0,2.8,.353,0.3,0.4,.625,.542,0.3,0.4,.857,0.6,1.6,2.2,0.7,0.1,0.4,0.1,1.2,3.9
95,Gary Clark\clarkga01,PF,25,ORL,5,0,13.8,1.6,3.2,.500,0.8,2.2,.364,0.8,1.0,.800,.625,0.0,0.0,,1.6,2.0,3.6,0.0,0.0,0.4,0.4,0.4,4.0
96,Brandon Clarke\clarkbr01,PF,23,MEM,42,2,21.7,5.1,8.1,.626,0.4,1.1,.400,4.7,7.1,.660,.652,1.5,1.9,.833,1.3,4.4,5.8,1.5,0.5,0.9,0.9,1.7,12.2
97,Jordan Clarkson\clarkjo01,SG,27,TOT,46,0,23.8,5.1,11.5,.443,2.0,5.6,.352,3.2,6.0,.529,.528,2.1,2.6,.831,0.7,1.8,2.5,2.0,0.6,0.3,1.2,1.3,14.3
97,Jordan Clarkson\clarkjo01,SG,27,CLE,29,0,23.0,5.0,11.2,.442,2.0,5.5,.371,2.9,5.8,.509,.532,2.6,3.0,.884,0.7,1.7,2.4,2.4,0.6,0.3,1.3,1.1,14.6
97,Jordan Clarkson\clarkjo01,SG,27,UTA,17,0,25.2,5.4,12.0,.446,1.8,5.7,.320,3.5,6.3,.561,.522,1.3,1.9,.688,0.7,1.9,2.6,1.4,0.7,0.3,0.9,1.6,13.8
98,Nicolas Claxton\claxtni01,PF,20,BRK,14,0,13.1,1.9,3.3,.565,0.1,0.5,.143,1.8,2.8,.641,.576,0.6,1.4,.474,1.4,1.7,3.1,1.1,0.1,0.6,0.6,1.0,4.4
99,Chris Clemons\clemoch01,SG,22,HOU,26,0,8.9,1.9,4.5,.419,1.3,3.5,.367,0.6,1.0,.593,.560,0.2,0.2,.800,0.1,0.7,0.8,0.7,0.2,0.2,0.6,0.8,5.2
100,Antonius Cleveland\clevean01,SG,25,DAL,3,0,4.7,0.7,1.0,.667,0.0,0.3,.000,0.7,0.7,1.000,.667,0.0,0.0,,0.0,1.0,1.0,0.0,0.0,0.0,0.3,0.0,1.3
101,Amir Coffey\coffeam01,SG,22,LAC,2,0,2.5,1.0,1.5,.667,0.5,1.0,.500,0.5,0.5,1.000,.833,0.0,0.0,,0.0,0.0,0.0,0.5,0.0,0.0,0.0,0.5,2.5
102,John Collins\collijo01,PF,22,ATL,22,22,30.3,7.7,14.1,.547,1.3,3.8,.349,6.4,10.4,.618,.593,2.3,2.9,.810,2.4,7.4,9.7,1.2,0.7,1.9,1.8,3.8,19.1
103,Zach Collins\colliza01,PF,22,POR,3,3,28.7,3.0,6.3,.474,1.0,2.3,.429,2.0,4.0,.500,.553,2.0,2.0,1.000,1.3,2.7,4.0,2.0,0.0,0.7,2.0,3.7,9.0
104,Mike Conley\conlemi01,PG,32,UTA,28,22,27.3,4.3,11.4,.377,1.6,4.7,.333,2.7,6.6,.409,.447,2.4,3.1,.782,0.6,2.4,3.0,4.1,0.7,0.1,1.9,2.2,12.6
105,Pat Connaughton\connapa01,SG,27,MIL,43,0,17.6,1.9,4.2,.442,0.6,2.2,.290,1.2,2.0,.602,.517,0.4,0.6,.720,0.8,3.4,4.2,1.6,0.3,0.5,0.8,1.0,4.8
106,Quinn Cook\cookqu01,PG,26,LAL,30,0,12.3,2.3,5.0,.450,0.7,1.8,.382,1.6,3.2,.490,.520,0.2,0.3,.667,0.2,1.0,1.2,1.2,0.3,0.0,0.7,0.7,5.4
107,Tyler Cook\cookty01,PF,22,CLE,11,0,3.2,0.6,0.9,.700,0.0,0.0,,0.6,0.9,.700,.700,0.5,0.5,.833,0.4,0.5,0.9,0.1,0.1,0.0,0.1,0.4,1.7
108,Robert Covington\covinro01,PF,29,MIN,46,45,29.3,4.5,10.3,.437,2.3,6.5,.348,2.2,3.8,.589,.546,1.5,1.9,.795,0.7,5.2,6.0,1.2,1.6,0.9,1.5,3.1,12.8
109,Allen Crabbe\crabbal01,SG,27,TOT,32,1,18.3,1.8,5.0,.360,1.0,3.3,.311,0.8,1.7,.455,.463,0.3,0.4,.714,0.3,1.9,2.2,1.0,0.5,0.1,0.5,1.3,5.0
109,Allen Crabbe\crabbal01,SG,27,ATL,28,1,18.6,1.9,5.1,.364,1.1,3.3,.323,0.8,1.8,.440,.469,0.3,0.4,.750,0.4,2.0,2.3,1.0,0.5,0.1,0.4,1.3,5.1
109,Allen Crabbe\crabbal01,SG,27,MIN,4,0,15.8,1.5,4.5,.333,0.8,3.3,.231,0.8,1.3,.600,.417,0.3,0.5,.500,0.0,1.5,1.5,0.8,0.0,0.0,0.8,1.8,4.0
110,Torrey Craig\craigto01,SF,29,DEN,34,12,15.7,1.6,3.8,.422,0.5,1.9,.254,1.1,1.9,.585,.484,0.4,0.6,.667,0.8,1.8,2.6,0.6,0.4,0.6,0.5,2.2,4.1
111,Jae Crowder\crowdja01,SF,29,MEM,43,43,29.5,3.3,8.9,.368,1.8,6.0,.301,1.5,2.9,.508,.470,1.6,2.0,.782,0.9,5.3,6.2,2.8,1.0,0.3,1.2,1.9,10.0
112,Jarrett Culver\culveja01,SG,20,MIN,46,32,24.7,3.7,9.6,.389,1.0,3.8,.277,2.7,5.8,.461,.443,0.9,2.0,.456,1.2,2.4,3.6,1.9,1.0,0.7,1.3,2.0,9.4
113,Seth Curry\curryse01,SG,29,DAL,45,13,22.9,3.8,8.1,.464,1.9,4.6,.407,1.9,3.4,.542,.581,1.2,1.4,.887,0.5,1.6,2.0,1.8,0.6,0.2,0.9,1.6,10.6
114,Stephen Curry\curryst01,PG,31,GSW,4,4,28.0,6.8,16.5,.409,2.3,9.3,.243,4.5,7.3,.621,.477,4.5,4.5,1.000,1.0,4.0,5.0,6.5,1.3,0.5,3.8,2.5,20.3
115,Troy Daniels\danietr01,SG,28,LAL,34,0,11.9,1.6,4.1,.406,1.1,2.8,.375,0.6,1.2,.476,.536,0.2,0.3,.727,0.2,0.9,1.1,0.4,0.2,0.1,0.2,0.7,4.6
116,Anthony Davis\davisan02,PF,26,LAL,39,39,34.6,9.2,18.1,.505,1.1,3.5,.304,8.1,14.6,.554,.535,7.1,8.2,.865,2.1,7.1,9.1,3.2,1.5,2.5,2.4,2.6,26.5
117,Ed Davis\davised01,C,30,UTA,23,0,10.6,0.5,1.4,.375,0.0,0.0,,0.5,1.4,.375,.375,0.2,0.5,.455,1.1,2.8,3.9,0.3,0.4,0.4,0.6,2.3,1.3
118,Terence Davis\daviste02,SG,22,TOR,47,1,16.9,2.7,5.8,.469,1.3,3.3,.399,1.4,2.5,.559,.581,0.7,0.8,.944,0.7,2.8,3.5,1.9,0.5,0.2,1.0,1.5,7.4
119,Dewayne Dedmon\dedmode01,C,30,SAC,32,8,14.8,2.0,4.8,.406,0.4,2.0,.200,1.6,2.8,.556,.448,0.7,0.8,.808,1.3,3.2,4.5,0.3,0.3,0.6,1.3,2.7,5.0
120,Matthew Dellavedova\dellama01,PG,29,CLE,44,0,12.6,1.0,2.9,.333,0.3,1.5,.167,0.7,1.4,.517,.377,0.6,0.6,.893,0.3,0.9,1.2,2.7,0.3,0.0,0.9,1.4,2.7
121,DeMar DeRozan\derozde01,SF,30,SAS,47,47,34.4,8.5,15.9,.535,0.2,0.6,.276,8.4,15.3,.546,.541,5.8,6.9,.845,0.7,5.1,5.7,5.2,1.0,0.3,2.5,2.8,23.0
122,Cheick Diallo\diallch01,C,23,PHO,30,0,9.0,1.7,2.7,.650,0.0,0.1,.500,1.7,2.6,.654,.656,0.7,0.8,.840,0.6,1.9,2.4,0.5,0.2,0.2,0.5,1.0,4.2
123,Hamidou Diallo\diallha01,SF,21,OKC,29,2,19.8,2.9,6.4,.452,0.2,0.9,.185,2.7,5.5,.497,.465,0.9,1.3,.667,0.8,2.8,3.6,0.6,0.9,0.2,1.0,2.2,6.9
124,Gorgui Dieng\dienggo01,C,30,MIN,43,17,17.4,2.7,6.2,.444,1.0,2.7,.383,1.7,3.5,.490,.526,1.0,1.3,.804,1.6,4.1,5.7,1.3,0.8,0.9,0.9,2.0,7.6
125,Spencer Dinwiddie\dinwisp01,SG,26,BRK,46,33,31.2,7.0,16.7,.421,1.9,6.3,.304,5.1,10.5,.491,.478,5.4,7.0,.775,0.4,2.9,3.3,6.5,0.7,0.3,2.8,2.9,21.4
126,Donte DiVincenzo\divindo01,SG,23,MIL,43,20,22.7,3.4,7.5,.458,1.2,3.6,.344,2.2,3.9,.563,.540,0.9,1.2,.769,1.0,3.7,4.7,2.3,1.5,0.3,1.2,1.7,9.0
127,Luka Dončić\doncilu01,PG,20,DAL,43,43,32.8,9.5,20.5,.464,2.9,9.1,.321,6.6,11.3,.578,.535,6.9,9.0,.763,1.4,8.1,9.5,8.7,1.0,0.2,4.2,2.4,28.8
128,Luguentz Dort\dortlu01,SG,20,OKC,14,6,20.8,2.1,4.9,.435,0.9,2.5,.343,1.3,2.4,.529,.522,1.1,1.4,.750,0.3,0.9,1.2,0.9,0.7,0.1,0.7,2.9,6.2
129,Damyean Dotson\dotsoda01,SG,25,NYK,42,0,17.5,2.5,6.0,.425,1.2,3.4,.357,1.3,2.6,.514,.526,0.5,0.7,.667,0.2,1.7,1.9,1.1,0.5,0.1,0.5,0.9,6.8
130,Sekou Doumbouya\doumbse01,SF,19,DET,22,14,19.2,2.5,5.8,.441,0.6,2.3,.275,1.9,3.5,.553,.496,1.0,1.5,.688,0.5,2.6,3.1,0.4,0.5,0.3,0.9,2.2,6.7
131,PJ Dozier\doziepj01,PG,23,DEN,7,0,13.6,2.9,6.1,.465,0.6,1.9,.308,2.3,4.3,.533,.512,0.0,0.0,,0.1,1.6,1.7,1.7,0.1,0.0,0.7,1.9,6.3
132,Goran Dragić\dragigo01,PG,33,MIA,36,1,28.0,5.5,12.1,.453,2.3,5.7,.395,3.2,6.4,.504,.546,2.8,3.7,.744,0.5,2.5,2.9,5.0,0.6,0.2,2.6,1.8,15.9
133,Andre Drummond\drumman01,C,26,DET,45,44,33.6,7.1,13.5,.522,0.0,0.5,.048,7.0,13.1,.539,.523,3.0,5.1,.589,4.5,11.1,15.6,2.8,2.1,1.8,3.6,3.7,17.2
134,Jared Dudley\dudleja01,SF,34,LAL,32,1,8.8,0.6,1.4,.435,0.5,1.0,.500,0.1,0.4,.286,.609,0.1,0.1,1.000,0.1,0.9,1.1,0.6,0.3,0.1,0.2,1.1,1.8
135,Kris Dunn\dunnkr01,PG,25,CHI,50,31,25.4,3.0,6.8,.444,0.6,2.2,.259,2.5,4.6,.535,.487,0.8,1.1,.741,0.5,3.3,3.7,3.5,2.0,0.3,1.4,3.2,7.5
136,Carsen Edwards\edwarca01,SG,21,BOS,29,0,9.8,1.1,3.5,.314,0.7,2.1,.306,0.4,1.4,.325,.407,0.4,0.4,.846,0.2,1.2,1.4,0.8,0.3,0.1,0.5,0.9,3.2
137,Henry Ellenson\ellenhe01,PF,23,BRK,5,0,3.0,0.2,1.4,.143,0.0,0.8,.000,0.2,0.6,.333,.143,0.0,0.0,,0.4,0.8,1.2,0.2,0.0,0.0,0.0,0.2,0.4
138,Wayne Ellington\ellinwa01,SG,32,NYK,24,1,14.1,1.3,4.2,.317,1.0,3.5,.301,0.3,0.8,.389,.441,0.3,0.3,.750,0.1,1.5,1.6,1.0,0.4,0.1,0.6,0.9,4.0
139,Joel Embiid\embiijo01,C,25,PHI,32,32,30.9,7.7,16.2,.478,1.2,3.8,.322,6.5,12.4,.525,.515,6.8,8.1,.831,2.5,9.7,12.3,3.2,0.8,1.3,3.1,3.5,23.4
140,James Ennis\ennisja01,SF,29,PHI,46,0,16.3,2.1,4.8,.441,0.8,2.2,.359,1.3,2.5,.513,.525,1.0,1.3,.787,1.0,2.2,3.2,0.8,0.5,0.3,0.7,1.8,6.1
141,Drew Eubanks\eubandr01,PF,22,SAS,7,0,5.4,1.3,2.0,.643,0.0,0.0,,1.3,2.0,.643,.643,0.4,0.4,1.000,0.9,1.4,2.3,0.3,0.0,0.1,0.6,0.7,3.0
142,Jacob Evans\evansja02,SG,22,GSW,23,0,14.7,1.5,4.8,.315,0.4,1.3,.345,1.1,3.6,.305,.360,0.8,1.0,.826,0.3,1.1,1.4,1.0,0.3,0.3,1.1,1.5,4.3
143,Dante Exum\exumda01,SG,24,TOT,26,1,13.5,1.5,3.3,.465,0.4,1.1,.357,1.2,2.2,.517,.523,0.9,1.2,.742,0.3,1.5,1.7,1.1,0.3,0.2,0.9,1.0,4.3
143,Dante Exum\exumda01,SG,24,UTA,11,0,7.5,0.9,2.1,.435,0.2,0.5,.333,0.7,1.5,.471,.478,0.2,0.2,1.000,0.3,0.8,1.1,0.6,0.1,0.2,0.9,0.7,2.2
143,Dante Exum\exumda01,SG,24,CLE,15,1,17.8,2.0,4.2,.476,0.5,1.5,.364,1.5,2.7,.537,.540,1.4,1.9,.724,0.3,1.9,2.2,1.5,0.5,0.2,0.9,1.2,5.9
144,Tacko Fall\fallta01,C,24,BOS,4,0,5.3,2.0,2.8,.727,0.0,0.0,,2.0,2.8,.727,.727,0.3,0.8,.333,0.0,2.5,2.5,0.0,0.0,0.5,0.8,1.0,4.3
145,Derrick Favors\favorde01,C,28,NOP,29,27,24.3,4.5,7.2,.622,0.0,0.1,.250,4.4,7.1,.629,.624,0.9,1.6,.587,3.2,6.7,10.0,1.9,0.6,1.1,1.2,2.3,9.9
146,Cristiano Felício\feliccr01,PF,27,CHI,10,0,16.1,1.6,2.1,.762,0.0,0.0,,1.6,2.1,.762,.762,0.6,0.8,.750,1.9,2.2,4.1,0.6,0.3,0.1,0.6,1.3,3.8
147,Terrance Ferguson\fergute01,SF,21,OKC,36,36,26.0,1.8,4.6,.398,1.1,3.6,.320,0.7,1.1,.658,.521,0.3,0.3,.818,0.6,1.1,1.7,0.9,0.6,0.3,0.7,3.2,5.1
148,Bruno Fernando\fernabr01,C,21,ATL,42,11,12.5,1.7,3.5,.503,0.1,0.7,.133,1.6,2.7,.600,.517,0.6,0.9,.615,1.2,2.2,3.4,0.9,0.3,0.4,0.9,2.0,4.1
149,Yogi Ferrell\ferreyo01,PG,26,SAC,36,0,11.8,1.7,4.0,.431,0.5,1.6,.321,1.2,2.4,.500,.493,0.8,0.9,.875,0.1,1.0,1.2,1.4,0.3,0.1,0.6,0.7,4.7
150,Dorian Finney-Smith\finnedo01,PF,26,DAL,47,44,29.4,3.2,7.0,.459,1.5,4.1,.377,1.7,2.9,.572,.568,1.1,1.6,.685,2.1,3.4,5.5,1.3,0.7,0.5,0.9,2.3,9.0
151,Bryn Forbes\forbebr01,SG,26,SAS,47,46,25.6,3.9,9.6,.404,2.2,6.1,.363,1.7,3.5,.476,.520,1.1,1.3,.820,0.2,1.9,2.2,1.8,0.5,0.0,0.9,1.9,11.1
152,Evan Fournier\fournev01,SG,27,ORL,47,47,31.4,6.7,14.4,.464,2.6,6.4,.396,4.1,7.9,.520,.553,2.9,3.5,.817,0.2,2.4,2.7,3.4,1.0,0.2,2.0,2.5,18.8
153,De'Aaron Fox\foxde01,PG,22,SAC,29,27,31.2,7.0,14.9,.473,0.9,3.2,.283,6.1,11.7,.525,.503,4.3,6.2,.685,0.8,3.5,4.3,7.1,1.6,0.5,3.3,3.0,19.2
154,Melvin Frazier\frazime01,SG,23,ORL,13,0,3.6,0.5,1.3,.353,0.3,0.5,.571,0.2,0.8,.200,.471,0.2,0.3,.500,0.1,0.2,0.3,0.1,0.3,0.2,0.2,0.6,1.4
155,Michael Frazier\frazimi01,SG,25,HOU,5,0,8.0,0.6,1.8,.333,0.4,1.4,.286,0.2,0.4,.500,.444,0.6,0.8,.750,0.2,0.4,0.6,0.2,0.2,0.0,0.0,1.6,2.2
156,Tim Frazier\fraziti01,PG,29,DET,27,11,13.1,1.3,3.5,.362,0.4,1.1,.333,0.9,2.4,.375,.415,0.7,0.9,.792,0.3,0.9,1.2,3.4,0.5,0.1,1.3,1.6,3.6
157,Markelle Fultz\fultzma01,PG,21,ORL,47,42,27.6,4.9,10.6,.459,0.4,1.7,.256,4.4,8.8,.499,.480,1.6,2.1,.723,0.5,3.0,3.6,4.6,1.3,0.2,2.0,1.9,11.7
158,Wenyen Gabriel\gabriwe01,PF,22,SAC,11,0,5.5,0.5,1.5,.353,0.1,0.7,.125,0.5,0.8,.556,.382,0.5,0.9,.600,0.4,0.5,0.9,0.3,0.3,0.2,0.5,0.6,1.7
159,Daniel Gafford\gaffoda01,C,21,CHI,32,4,12.8,2.1,3.1,.677,0.0,0.0,,2.1,3.1,.677,.677,0.6,1.1,.528,1.2,1.2,2.4,0.4,0.3,1.3,0.5,1.9,4.8
160,Danilo Gallinari\gallida01,PF,31,OKC,41,41,30.6,5.8,13.3,.439,3.1,7.4,.414,2.8,5.9,.469,.554,4.3,4.7,.907,0.7,5.0,5.7,2.4,0.7,0.1,1.4,1.2,19.0
161,Langston Galloway\gallola01,SG,28,DET,49,6,25.6,3.5,8.1,.430,2.0,5.0,.397,1.5,3.1,.483,.553,1.3,1.5,.849,0.5,1.8,2.2,1.4,0.8,0.2,0.6,1.4,10.2
162,Darius Garland\garlada01,PG,20,CLE,47,47,30.1,4.6,11.7,.393,1.8,5.2,.352,2.8,6.5,.425,.471,1.2,1.3,.873,0.4,1.5,1.9,3.6,0.7,0.0,2.7,1.5,12.2
163,Marc Gasol\gasolma01,C,35,TOR,35,35,27.8,2.8,6.6,.424,1.4,3.5,.403,1.4,3.1,.449,.532,0.7,1.0,.722,0.8,5.6,6.5,3.5,0.8,0.9,1.2,2.9,7.8
164,Rudy Gay\gayru01,PF,33,SAS,44,5,21.9,3.7,8.3,.441,1.0,3.2,.312,2.7,5.1,.522,.501,1.8,2.1,.860,1.0,4.7,5.7,1.8,0.5,0.5,1.5,1.5,10.2
165,Paul George\georgpa01,SF,29,LAC,26,26,30.7,7.6,17.8,.429,3.6,9.2,.395,4.0,8.6,.464,.530,4.6,5.1,.909,0.5,5.5,6.0,3.7,1.5,0.5,3.3,2.5,23.5
166,Taj Gibson\gibsota01,C,34,NYK,46,40,16.5,2.4,4.3,.545,0.1,0.2,.273,2.3,4.1,.561,.553,0.6,0.8,.722,1.8,2.5,4.3,1.0,0.5,0.4,0.8,2.1,5.4
167,Harry Giles\gilesha01,PF,21,SAC,21,3,11.4,2.0,4.3,.478,0.0,0.0,,2.0,4.3,.478,.478,0.6,0.7,.857,0.7,2.1,2.8,1.4,0.6,0.4,0.9,2.3,4.7
168,Shai Gilgeous-Alexander\gilgesh01,SG,21,OKC,49,49,35.6,7.1,15.3,.462,1.2,3.5,.345,5.9,11.8,.497,.501,4.2,5.1,.817,0.7,5.4,6.1,3.2,1.2,0.6,2.0,1.7,19.5
169,Rudy Gobert\goberru01,C,27,UTA,45,45,34.3,6.0,8.7,.686,0.0,0.0,,6.0,8.7,.686,.686,3.7,6.1,.611,3.7,10.9,14.6,1.6,0.7,2.0,2.0,3.1,15.7
170,Brandon Goodwin\goodwbr01,PG,24,ATL,19,1,12.7,2.3,5.9,.389,0.8,2.7,.314,1.5,3.3,.452,.460,0.8,0.8,1.000,0.4,1.6,1.9,1.5,0.5,0.2,0.9,1.5,6.3
171,Aaron Gordon\gordoaa01,PF,24,ORL,42,42,31.7,5.0,12.1,.418,1.1,3.8,.286,4.0,8.2,.480,.464,2.1,3.1,.664,1.7,5.5,7.2,2.9,0.7,0.5,1.6,2.0,13.3
172,Eric Gordon\gordoer01,SG,31,HOU,23,7,30.0,5.1,13.6,.378,3.2,9.1,.348,2.0,4.4,.441,.495,2.5,3.4,.722,0.3,1.9,2.1,1.4,0.5,0.3,1.2,2.0,15.9
173,Devonte' Graham\grahade01,PG,24,CHO,47,37,35.1,5.7,15.3,.375,3.6,9.4,.382,2.2,6.0,.364,.492,3.3,4.0,.818,0.8,2.9,3.6,7.6,0.9,0.3,3.0,1.9,18.3
174,Treveon Graham\grahatr01,SG,26,TOT,38,20,18.3,1.7,4.8,.352,0.6,2.3,.239,1.1,2.5,.457,.409,0.7,1.0,.718,0.8,1.9,2.7,0.8,0.4,0.1,0.5,1.8,4.7
174,Treveon Graham\grahatr01,SG,26,MIN,33,20,20.1,1.9,5.3,.354,0.6,2.5,.241,1.3,2.8,.457,.411,0.8,1.1,.730,0.9,2.2,3.0,0.9,0.5,0.1,0.6,2.0,5.2
174,Treveon Graham\grahatr01,SG,26,ATL,5,0,6.4,0.4,1.4,.286,0.2,1.0,.200,0.2,0.4,.500,.357,0.2,0.4,.500,0.4,0.2,0.6,0.0,0.0,0.0,0.2,0.6,1.2
175,Jerami Grant\grantje01,PF,25,DEN,47,14,25.2,3.9,8.4,.466,1.3,3.2,.404,2.6,5.2,.504,.543,2.0,2.8,.708,0.9,2.6,3.6,1.1,0.6,0.7,0.8,2.1,11.1
176,Josh Gray\grayjo01,PG,26,NOP,2,0,11.5,0.5,1.0,.500,0.0,0.0,,0.5,1.0,.500,.500,0.0,0.0,,0.5,0.5,1.0,1.0,0.0,0.0,2.5,0.5,1.0
177,Danny Green\greenda02,SG,32,LAL,45,45,25.1,3.2,7.4,.425,1.9,5.1,.378,1.2,2.3,.529,.555,0.6,0.8,.703,0.7,2.8,3.5,1.3,1.3,0.5,0.9,2.2,8.8
178,Draymond Green\greendr01,PF,29,GSW,35,35,29.3,3.0,7.7,.384,0.8,3.1,.266,2.1,4.6,.463,.437,1.6,2.1,.770,0.5,5.8,6.3,5.9,1.5,0.8,2.2,2.6,8.4
179,JaMychal Green\greenja01,PF,29,LAC,38,0,21.0,2.3,5.6,.411,1.3,3.7,.348,1.0,1.9,.534,.526,0.7,0.9,.778,1.5,5.1,6.6,0.7,0.4,0.4,0.9,2.7,6.7
180,Javonte Green\greenja02,SF,26,BOS,37,0,9.1,1.3,2.5,.527,0.2,0.6,.286,1.1,1.9,.600,.560,0.6,0.9,.647,0.4,1.2,1.7,0.5,0.5,0.1,0.3,0.8,3.4
181,Jeff Green\greenje02,PF,33,UTA,30,2,18.4,2.5,6.5,.385,1.1,3.5,.327,1.4,3.0,.451,.472,1.6,2.1,.778,0.5,2.2,2.7,0.7,0.4,0.3,0.9,1.5,7.8
182,Blake Griffin\griffbl01,PF,30,DET,18,18,28.4,4.9,13.9,.352,1.5,6.2,.243,3.4,7.7,.439,.406,4.2,5.4,.776,0.9,3.7,4.7,3.3,0.4,0.4,2.2,1.5,15.5
183,Marko Guduric\gudurma01,SG,24,MEM,32,0,13.4,1.6,4.2,.370,0.6,2.2,.286,0.9,2.0,.462,.444,0.6,0.7,.905,0.4,1.6,1.9,1.3,0.3,0.2,1.1,1.0,4.3
184,Kyle Guy\guyky01,SG,22,SAC,2,0,2.0,0.5,1.0,.500,0.0,0.5,.000,0.5,0.5,1.000,.500,0.0,0.0,,0.0,0.0,0.0,0.0,0.0,0.0,0.0,0.0,1.0
185,Rui Hachimura\hachiru01,PF,21,WAS,25,25,29.2,5.8,12.1,.482,0.4,1.9,.208,5.4,10.2,.533,.498,1.8,2.2,.852,1.6,4.2,5.8,1.6,0.7,0.1,0.8,2.3,13.9
186,Devon Hall\hallde01,SG,24,OKC,5,0,4.0,0.2,1.0,.200,0.0,0.4,.000,0.2,0.6,.333,.200,0.6,0.8,.750,0.0,0.2,0.2,0.6,0.0,0.0,0.2,0.2,1.0
187,Tim Hardaway\hardati02,SG,27,DAL,44,31,26.5,4.9,11.5,.429,2.7,6.7,.395,2.3,4.8,.476,.544,1.6,2.0,.787,0.4,2.6,2.9,1.6,0.6,0.1,0.8,1.8,14.1
188,James Harden\hardeja01,SG,30,HOU,44,44,37.1,10.3,23.6,.436,4.6,12.9,.355,5.7,10.6,.534,.533,10.5,12.2,.862,1.1,5.1,6.2,7.2,1.6,1.0,4.6,3.2,35.7
189,Maurice Harkless\harklma01,SF,26,LAC,46,34,23.0,2.2,4.3,.515,0.5,1.4,.359,1.7,2.9,.590,.573,0.5,0.9,.571,1.0,3.0,4.0,1.0,1.0,0.6,0.9,2.4,5.5
190,Jared Harper\harpeja01,PG,22,PHO,1,0,2.0,0.0,1.0,.000,0.0,1.0,.000,0.0,0.0,,.000,0.0,0.0,,0.0,0.0,0.0,0.0,0.0,0.0,0.0,0.0,0.0
191,Montrezl Harrell\harremo01,C,26,LAC,46,2,28.7,7.8,13.8,.568,0.0,0.3,.000,7.8,13.5,.582,.568,3.6,5.8,.630,2.8,4.4,7.2,1.8,0.7,1.1,1.9,2.3,19.3
192,Gary Harris\harriga01,SG,25,DEN,40,40,32.2,4.1,9.7,.416,1.3,4.2,.311,2.8,5.6,.495,.483,1.3,1.6,.828,0.5,2.3,2.8,2.2,1.4,0.3,1.0,2.3,10.7
193,Joe Harris\harrijo01,SF,28,BRK,45,45,31.6,5.1,11.2,.458,2.4,6.0,.399,2.7,5.1,.528,.566,1.0,1.4,.734,0.9,3.2,4.1,2.1,0.7,0.3,1.5,2.4,13.7
194,Tobias Harris\harrito02,PF,27,PHI,48,48,34.5,7.6,15.8,.480,1.8,5.0,.358,5.8,10.8,.536,.536,2.5,3.1,.797,0.7,6.0,6.7,2.9,0.8,0.6,1.6,2.3,19.4
195,Shaquille Harrison\harrish01,SF,26,CHI,28,4,7.2,1.0,2.5,.391,0.1,0.5,.267,0.8,1.9,.426,.420,0.6,0.9,.692,0.3,1.0,1.3,1.0,0.4,0.2,0.3,0.8,2.7
196,Josh Hart\hartjo01,SF,24,NOP,41,11,28.2,3.6,8.7,.415,2.0,5.9,.346,1.6,2.8,.561,.532,1.2,1.6,.758,1.0,5.1,6.1,1.4,1.1,0.4,1.2,2.8,10.5
197,Isaiah Hartenstein\harteis01,C,21,HOU,20,2,12.4,2.1,3.1,.689,0.0,0.2,.000,2.1,2.9,.724,.689,0.9,1.3,.692,1.4,3.0,4.3,0.8,0.4,0.6,0.8,1.9,5.1
198,Udonis Haslem\hasleud01,PF,39,MIA,2,0,5.5,0.5,0.5,1.000,0.0,0.0,,0.5,0.5,1.000,1.000,1.5,2.0,.750,0.0,1.5,1.5,0.0,0.0,0.0,0.0,1.5,2.5
199,Jaxson Hayes\hayesja02,C,19,NOP,45,12,19.2,3.1,4.7,.662,0.0,0.1,.250,3.1,4.6,.670,.664,2.2,3.5,.627,1.7,2.9,4.5,1.0,0.5,1.1,0.8,2.8,8.5
200,Gordon Hayward\haywago01,SF,29,BOS,30,30,32.4,6.7,13.0,.517,1.5,4.0,.372,5.2,9.0,.581,.574,2.0,2.3,.870,0.9,5.3,6.2,4.0,0.7,0.4,1.8,1.9,17.0
201,John Henson\hensojo01,PF,29,CLE,25,1,13.5,2.0,4.1,.500,0.2,1.1,.185,1.8,3.0,.613,.525,0.6,1.2,.500,1.0,2.6,3.6,1.4,0.6,1.1,0.7,1.8,4.9
202,Dewan Hernandez\hernade01,C,23,TOR,4,0,2.8,0.3,1.3,.200,0.0,0.3,.000,0.3,1.0,.250,.200,0.5,0.5,1.000,0.5,1.3,1.8,0.0,0.3,0.0,0.3,1.5,1.0
203,Juan Hernangómez\hernaju01,PF,24,DEN,31,0,11.7,1.0,3.0,.337,0.4,1.7,.241,0.6,1.2,.474,.408,0.4,0.6,.550,0.6,1.8,2.4,0.6,0.1,0.1,0.5,0.7,2.8
204,Willy Hernangómez\hernawi01,C,25,CHO,18,0,8.1,1.8,3.3,.559,0.3,0.8,.357,1.6,2.5,.622,.602,1.0,1.9,.529,1.1,1.9,3.1,0.4,0.2,0.2,0.8,0.7,4.9
205,Tyler Herro\herroty01,SG,20,MIA,44,6,28.1,4.8,11.6,.413,2.1,5.5,.388,2.7,6.2,.435,.504,1.4,1.7,.829,0.3,3.8,4.2,2.0,0.7,0.2,1.6,1.3,13.1
206,Kevin Hervey\herveke01,PF,23,OKC,6,0,2.2,0.0,0.8,.000,0.0,0.7,.000,0.0,0.2,.000,.000,0.0,0.0,,0.0,0.3,0.3,0.2,0.0,0.0,0.0,0.2,0.0
207,Mario Hezonja\hezonma01,PF,24,POR,34,4,16.6,1.5,4.0,.385,0.4,1.3,.289,1.1,2.6,.433,.433,1.0,1.2,.854,0.6,3.2,3.8,0.8,0.6,0.1,0.8,2.3,4.5
208,Buddy Hield\hieldbu01,SG,27,SAC,47,44,34.0,7.4,17.5,.423,3.7,9.9,.371,3.7,7.6,.492,.529,1.9,2.2,.829,0.9,4.1,5.0,3.2,0.8,0.3,2.6,2.6,20.3
209,George Hill\hillge01,PG,33,MIL,44,0,21.1,3.5,6.4,.541,1.5,3.0,.511,2.0,3.5,.566,.659,1.3,1.5,.821,0.9,2.1,3.0,3.0,0.7,0.1,1.0,1.4,9.7
210,Solomon Hill\hillso01,SF,28,MEM,46,2,18.7,2.0,4.9,.414,1.2,3.1,.385,0.8,1.8,.464,.535,0.5,0.8,.694,0.5,2.5,3.0,2.0,0.7,0.2,0.8,1.4,5.8
211,Jaylen Hoard\hoardja01,SF,20,POR,12,0,7.8,1.1,2.4,.448,0.0,0.3,.000,1.1,2.2,.500,.448,0.5,0.9,.545,1.1,1.4,2.5,0.3,0.4,0.0,0.3,0.8,2.7
212,Aaron Holiday\holidaa01,PG,23,IND,45,18,23.4,3.9,9.1,.424,1.6,3.7,.425,2.3,5.4,.424,.511,1.0,1.2,.870,0.4,1.9,2.3,3.5,0.8,0.2,1.3,1.8,10.4
213,Jrue Holiday\holidjr01,SG,29,NOP,39,39,35.5,7.9,17.7,.445,2.1,5.9,.357,5.8,11.8,.489,.504,2.2,3.0,.724,1.3,3.5,4.8,6.4,1.7,0.8,2.9,2.1,20.0
214,Justin Holiday\holidju01,SG,30,IND,48,2,25.2,2.9,6.7,.429,1.8,4.4,.417,1.0,2.3,.450,.565,0.7,0.9,.805,0.4,3.0,3.4,1.5,1.0,0.6,0.5,1.7,8.3
215,Rondae Hollis-Jefferson\holliro01,SF,25,TOR,38,2,19.7,2.8,6.0,.467,0.1,0.4,.143,2.8,5.7,.488,.472,1.9,2.7,.733,2.1,2.9,5.0,1.7,0.9,0.4,1.0,2.1,7.6
216,Richaun Holmes\holmeri01,C,26,SAC,37,33,29.4,5.5,8.4,.660,0.0,0.0,,5.5,8.4,.660,.660,2.1,2.5,.817,3.1,5.4,8.5,1.0,1.1,1.4,1.2,3.9,13.1
217,Rodney Hood\hoodro01,SF,27,POR,21,21,29.5,4.1,8.2,.506,1.7,3.4,.493,2.5,4.8,.515,.608,1.0,1.3,.778,0.5,3.0,3.4,1.5,0.8,0.2,0.9,2.2,11.0
218,Al Horford\horfoal01,C,33,PHI,44,44,31.1,5.1,11.4,.451,1.4,4.3,.321,3.8,7.1,.531,.512,0.9,1.2,.722,1.6,5.1,6.7,4.0,1.0,0.9,1.1,2.2,12.5
219,Talen Horton-Tucker\hortota01,SG,19,LAL,2,0,2.5,0.0,0.5,.000,0.0,0.5,.000,0.0,0.0,,.000,0.0,0.0,,0.0,0.0,0.0,1.0,0.5,0.0,0.0,0.0,0.0
220,Danuel House\houseda01,SF,26,HOU,41,30,30.3,3.5,8.3,.421,2.0,5.4,.367,1.5,2.9,.521,.540,1.2,1.6,.761,1.0,3.2,4.2,1.3,1.0,0.6,1.0,2.2,10.2
221,Dwight Howard\howardw01,C,34,LAL,46,2,20.1,3.1,4.3,.724,0.1,0.1,.600,3.1,4.2,.727,.731,1.3,2.8,.469,2.6,5.1,7.7,0.7,0.5,1.4,1.2,3.3,7.6
222,Kevin Huerter\huertke01,SG,21,ATL,37,29,28.6,4.1,10.0,.411,2.1,5.5,.389,2.0,4.5,.437,.518,1.1,1.3,.796,0.6,3.7,4.4,3.3,0.9,0.5,1.6,2.4,11.4
223,De'Andre Hunter\huntede01,SF,22,ATL,47,46,31.0,4.5,10.9,.409,1.6,4.7,.332,2.9,6.2,.467,.481,1.7,2.2,.771,0.5,3.3,3.8,1.8,0.7,0.3,1.6,2.8,12.2
224,Chandler Hutchison\hutchch01,SF,23,CHI,23,6,16.8,2.6,5.2,.500,0.4,1.2,.333,2.2,4.0,.548,.538,1.5,2.4,.618,0.3,2.9,3.3,0.8,0.9,0.3,0.9,1.4,7.1
225,Serge Ibaka\ibakase01,C,30,TOR,37,14,26.2,6.1,12.0,.507,1.0,2.7,.374,5.1,9.3,.545,.548,1.8,2.5,.739,2.1,6.1,8.2,1.3,0.6,0.8,1.8,2.7,15.0
226,Ersan İlyasova\ilyaser01,PF,32,MIL,43,5,16.7,2.8,5.7,.492,0.9,2.5,.368,1.9,3.2,.587,.572,1.3,1.6,.824,1.1,4.2,5.3,1.0,0.4,0.3,0.6,1.5,7.8
227,Joe Ingles\inglejo01,SF,32,UTA,47,27,29.9,3.7,8.4,.445,2.1,5.2,.408,1.6,3.1,.507,.573,1.1,1.4,.773,0.4,3.7,4.1,5.0,0.9,0.1,1.9,2.1,10.7
228,Brandon Ingram\ingrabr01,PF,22,NOP,43,43,34.5,8.6,18.2,.471,2.5,6.2,.404,6.1,12.0,.505,.539,5.4,6.3,.856,0.9,5.4,6.3,4.3,0.9,0.8,3.0,2.9,25.0
229,Kyrie Irving\irvinky01,PG,27,BRK,18,18,33.2,9.7,21.2,.459,2.7,7.1,.375,7.1,14.1,.502,.522,4.7,5.1,.924,1.1,4.1,5.2,6.6,1.4,0.5,2.3,2.6,26.8
230,Jonathan Isaac\isaacjo01,SF,22,ORL,32,32,29.7,4.7,10.1,.463,0.9,2.8,.330,3.7,7.2,.515,.509,1.8,2.3,.767,1.8,5.2,6.9,1.4,1.6,2.4,1.5,2.5,12.0
231,Wesley Iwundu\iwundwe01,SF,25,ORL,34,10,18.2,1.6,4.4,.376,0.5,1.5,.320,1.2,2.9,.404,.430,1.4,1.6,.821,0.6,2.1,2.6,1.0,0.6,0.3,0.5,1.5,5.1
232,Frank Jackson\jacksfr01,PG,21,NOP,39,1,13.3,2.1,5.3,.400,0.7,2.4,.301,1.4,2.9,.482,.468,1.0,1.3,.760,0.3,0.9,1.3,0.8,0.4,0.1,0.8,1.4,5.9
233,Jaren Jackson\jacksja02,C,20,MEM,47,47,28.0,6.4,13.4,.479,2.6,6.5,.405,3.8,6.9,.549,.578,2.2,2.9,.745,1.0,3.7,4.7,1.4,0.7,1.6,1.7,4.1,17.7
234,Josh Jackson\jacksjo02,SG,22,MEM,1,0,5.0,0.0,1.0,.000,0.0,1.0,.000,0.0,0.0,,.000,3.0,3.0,1.000,0.0,1.0,1.0,0.0,0.0,0.0,0.0,0.0,3.0
235,Justin Jackson\jacksju01,PF,24,DAL,42,2,16.6,2.3,5.7,.399,0.9,2.9,.303,1.4,2.8,.500,.477,0.6,0.7,.839,0.4,2.0,2.4,0.7,0.2,0.1,0.2,1.2,6.0
236,Reggie Jackson\jacksre01,PG,29,DET,6,4,21.7,5.0,11.0,.455,2.0,4.3,.462,3.0,6.7,.450,.545,2.2,3.0,.722,0.5,2.2,2.7,4.2,0.8,0.2,1.2,1.5,14.2
237,Justin James\jamesju01,SG,23,SAC,27,0,7.8,1.1,2.7,.403,0.3,0.9,.333,0.8,1.8,.438,.458,0.2,0.6,.400,0.2,0.9,1.1,0.6,0.2,0.3,0.3,0.6,2.7
238,LeBron James\jamesle01,PG,35,LAL,44,44,34.8,9.7,19.5,.494,2.1,6.0,.342,7.6,13.5,.562,.547,3.9,5.5,.701,1.0,6.6,7.7,10.7,1.3,0.5,3.9,1.7,25.3
239,Amile Jefferson\jeffeam01,PF,26,ORL,17,0,4.4,0.3,0.8,.385,0.0,0.0,,0.3,0.8,.385,.385,0.3,0.8,.357,0.5,0.8,1.3,0.2,0.1,0.2,0.2,0.4,0.9
240,DaQuan Jeffries\jeffrda01,SG,22,SAC,3,0,4.0,0.3,1.0,.333,0.0,0.3,.000,0.3,0.7,.500,.333,0.0,0.0,,0.3,0.0,0.3,0.3,0.0,0.0,0.0,1.0,0.7
241,Ty Jerome\jeromty01,PG,22,PHO,17,0,11.4,1.5,3.9,.379,0.6,1.7,.345,0.9,2.2,.405,.455,0.2,0.3,.800,0.2,1.3,1.5,1.7,0.7,0.2,0.7,1.2,3.8
242,Alize Johnson\johnsal02,SF,23,IND,11,0,4.2,0.6,1.3,.500,0.0,0.0,,0.6,1.3,.500,.500,0.4,0.5,.667,0.5,0.8,1.4,0.2,0.0,0.0,0.1,0.5,1.6
243,B.J. Johnson\johnsbj01,SF,24,ORL,6,0,6.8,0.8,2.7,.313,0.2,1.0,.167,0.7,1.7,.400,.344,0.3,0.3,1.000,0.2,0.8,1.0,0.3,0.3,0.0,0.5,0.0,2.2
244,Cameron Johnson\johnsca02,PF,23,PHO,38,0,19.8,2.7,6.4,.420,1.7,4.4,.398,0.9,2.0,.468,.556,0.7,0.9,.750,0.9,2.1,3.1,0.9,0.4,0.3,0.6,1.5,7.8
245,James Johnson\johnsja01,PF,32,MIA,17,0,15.6,2.2,4.9,.446,0.9,2.6,.356,1.2,2.2,.553,.542,0.5,0.8,.571,0.4,2.4,2.8,1.1,0.2,0.8,0.7,1.9,5.8
246,Keldon Johnson\johnske04,SF,20,SAS,2,0,3.5,0.5,2.0,.250,0.0,0.0,,0.5,2.0,.250,.250,0.0,0.0,,0.0,1.0,1.0,0.0,0.0,0.0,0.0,0.0,1.0
247,Stanley Johnson\johnsst04,PF,23,TOR,15,0,5.2,0.5,1.8,.296,0.1,0.8,.167,0.4,1.0,.400,.333,0.2,0.3,.750,0.2,0.9,1.1,0.3,0.2,0.1,0.5,0.5,1.4
248,Tyler Johnson\johnsty01,SG,27,PHO,29,3,16.9,2.1,5.6,.380,0.8,2.8,.288,1.3,2.9,.470,.451,0.8,1.0,.733,0.3,1.4,1.8,1.7,0.3,0.2,0.8,1.4,5.8
249,Nikola Jokić\jokicni01,C,24,DEN,47,47,32.0,7.6,15.0,.507,1.3,3.9,.324,6.3,11.0,.572,.550,3.3,4.1,.800,2.5,7.7,10.1,6.5,1.0,0.6,2.9,3.1,19.8
250,Damian Jones\jonesda03,C,24,ATL,43,20,16.0,2.3,3.3,.688,0.0,0.2,.286,2.2,3.1,.709,.695,1.3,1.7,.730,1.3,2.2,3.5,0.6,0.4,0.7,0.5,2.8,5.8
251,Derrick Jones\jonesde02,SF,22,MIA,33,2,24.0,3.0,6.4,.472,0.6,2.5,.235,2.5,4.0,.618,.517,1.8,2.2,.784,0.9,3.2,4.1,0.9,1.0,0.7,0.7,2.3,8.4
252,Tyus Jones\jonesty01,PG,23,MEM,48,6,18.8,2.6,5.8,.444,0.6,1.6,.368,2.0,4.2,.473,.495,0.5,0.7,.765,0.1,1.5,1.6,4.5,0.8,0.1,1.0,0.7,6.3
253,DeAndre Jordan\jordade01,C,31,BRK,38,4,21.0,3.2,4.9,.659,0.0,0.0,,3.2,4.9,.659,.659,1.4,2.1,.679,2.3,7.3,9.7,2.0,0.4,1.0,1.3,2.0,7.9
254,Cory Joseph\josepco01,PG,28,SAC,47,20,24.9,2.4,6.0,.401,0.7,2.0,.330,1.7,4.0,.436,.456,0.7,0.9,.833,0.6,2.1,2.6,3.5,0.7,0.3,1.2,2.0,6.2
255,Mfiondu Kabengele\kabenmf01,C,22,LAC,10,0,4.4,1.0,2.2,.455,0.6,1.2,.500,0.4,1.0,.400,.591,0.3,0.3,1.000,0.1,0.7,0.8,0.1,0.1,0.1,0.1,0.6,2.9
256,Frank Kaminsky\kaminfr01,C,26,PHO,32,13,22.4,4.0,8.7,.455,1.2,3.5,.348,2.8,5.2,.527,.525,1.8,2.8,.670,0.9,4.0,4.9,2.2,0.4,0.3,1.0,2.2,11.0
257,Enes Kanter\kanteen01,C,27,BOS,36,4,18.5,4.1,6.8,.602,0.0,0.1,.200,4.1,6.7,.610,.604,1.3,1.8,.682,3.0,5.2,8.2,1.1,0.4,0.9,1.1,1.9,9.5
258,Luke Kennard\kennalu01,SG,23,DET,28,25,32.9,5.4,12.2,.442,2.6,6.5,.399,2.8,5.7,.491,.548,2.4,2.7,.893,0.3,3.2,3.5,4.1,0.4,0.2,1.5,2.3,15.8
259,Stanton Kidd\kiddst01,SF,27,UTA,4,0,3.8,0.0,0.8,.000,0.0,0.3,.000,0.0,0.5,.000,.000,0.0,0.0,,0.0,0.8,0.8,0.3,0.0,0.0,0.5,0.8,0.0
260,Michael Kidd-Gilchrist\kiddgmi01,PF,26,CHO,12,0,13.3,1.5,4.4,.340,0.4,1.4,.294,1.1,3.0,.361,.387,0.6,0.8,.778,0.8,2.2,2.9,0.8,0.0,0.3,0.6,1.5,4.0
261,Louis King\kinglo02,SF,20,DET,8,0,6.3,0.9,2.1,.412,0.4,1.0,.375,0.5,1.1,.444,.500,0.0,0.4,.000,0.1,0.9,1.0,0.6,0.3,0.0,0.3,1.1,2.1
262,Maxi Kleber\klebima01,C,28,DAL,46,10,24.8,3.2,6.8,.466,1.7,4.3,.386,1.5,2.5,.603,.588,1.2,1.3,.883,1.5,3.8,5.3,1.0,0.3,1.0,0.8,2.3,9.2
263,Brandon Knight\knighbr03,PG,28,CLE,16,0,15.1,1.8,5.4,.326,1.2,4.0,.297,0.6,1.4,.409,.436,0.3,0.8,.308,0.2,1.1,1.3,1.9,0.3,0.1,1.0,1.3,4.9
264,Kevin Knox\knoxke01,SF,20,NYK,48,4,18.8,2.4,6.5,.372,1.1,3.4,.329,1.3,3.1,.417,.457,1.2,1.8,.651,0.4,2.6,3.0,1.0,0.4,0.4,0.6,1.5,7.1
265,John Konchar\konchjo01,SG,23,MEM,4,0,5.3,0.3,0.5,.500,0.0,0.3,.000,0.3,0.3,1.000,.500,0.0,0.0,,0.0,0.3,0.3,0.0,0.0,0.0,0.0,0.3,0.5
266,Furkan Korkmaz\korkmfu01,SG,22,PHI,47,11,20.8,3.2,7.5,.431,1.8,4.7,.391,1.4,2.8,.496,.552,0.6,0.9,.690,0.2,1.9,2.1,0.9,0.5,0.3,0.7,1.4,8.9
267,Luke Kornet\kornelu01,C,24,CHI,30,8,14.1,1.8,4.6,.399,0.7,2.8,.265,1.1,1.8,.600,.478,0.5,0.7,.750,0.5,1.6,2.2,0.9,0.3,0.8,0.4,1.3,4.9
268,Kyle Korver\korveky01,SF,38,MIL,41,0,16.7,2.1,4.9,.428,1.7,3.9,.429,0.4,1.0,.425,.600,0.6,0.7,.833,0.2,1.8,2.0,1.2,0.4,0.2,0.8,1.2,6.5
269,Rodions Kurucs\kurucro01,PF,21,BRK,29,4,13.5,1.8,3.6,.490,0.8,1.6,.468,1.0,2.0,.509,.596,0.4,0.7,.600,0.5,2.0,2.5,0.9,0.4,0.1,1.1,1.9,4.7
270,Kyle Kuzma\kuzmaky01,PF,24,LAL,37,6,25.0,4.8,11.1,.430,1.6,4.7,.337,3.2,6.3,.500,.502,1.8,2.4,.744,0.8,3.2,4.0,1.1,0.3,0.4,1.5,1.8,12.9
271,Skal Labissière\labissk01,C,23,POR,33,1,17.2,2.5,4.5,.551,0.1,0.4,.231,2.4,4.1,.582,.561,0.8,1.0,.758,2.0,3.2,5.1,1.3,0.2,0.9,0.9,2.7,5.8
272,Jeremy Lamb\lambje01,SG,27,IND,37,37,28.9,4.9,10.9,.453,1.1,3.6,.316,3.8,7.3,.520,.505,2.1,2.4,.874,0.5,4.0,4.6,2.2,1.3,0.5,1.2,2.2,13.0
273,Romeo Langford\langfro01,SG,20,BOS,12,0,9.2,0.8,1.8,.455,0.2,0.8,.222,0.7,1.1,.615,.500,0.6,0.7,.875,0.4,0.5,0.9,0.2,0.3,0.2,0.2,0.6,2.4
274,Zach LaVine\lavinza01,SG,24,CHI,50,50,34.4,8.7,19.8,.440,3.1,8.1,.380,5.6,11.7,.481,.517,4.7,5.6,.830,0.7,4.2,4.9,4.0,1.4,0.5,3.2,2.2,25.1
275,Vic Law\lawvi01,SF,24,ORL,2,0,2.0,0.0,0.5,.000,0.0,0.5,.000,0.0,0.0,,.000,0.0,1.0,.000,0.0,0.0,0.0,0.0,0.0,0.0,0.0,0.0,0.0
276,Jake Layman\laymaja01,PF,25,MIN,14,2,26.4,4.4,9.4,.462,1.4,3.9,.352,3.0,5.6,.538,.534,0.4,0.7,.600,0.9,2.1,2.9,0.8,0.9,0.7,1.3,2.2,10.5
277,T.J. Leaf\leaftj01,PF,22,IND,22,1,8.2,1.3,3.0,.424,0.2,0.6,.357,1.0,2.4,.442,.462,0.3,0.5,.600,0.9,1.8,2.7,0.3,0.3,0.1,0.3,0.8,3.0
278,Jalen Lecque\lecquja01,PG,19,PHO,1,0,2.0,0.0,1.0,.000,0.0,0.0,,0.0,1.0,.000,.000,0.0,0.0,,0.0,0.0,0.0,0.0,0.0,0.0,0.0,0.0,0.0
279,Courtney Lee\leeco01,SG,34,DAL,10,3,8.0,1.3,2.3,.565,0.7,1.2,.583,0.6,1.1,.545,.717,0.0,0.0,,0.0,0.5,0.5,0.3,0.0,0.2,0.2,0.6,3.3
280,Damion Lee\leeda03,SG,27,GSW,32,19,27.6,3.9,9.8,.397,1.3,3.7,.336,2.7,6.1,.434,.460,2.5,2.8,.868,0.8,4.3,5.1,2.5,0.9,0.1,1.4,2.2,11.5
281,Alex Len\lenal01,C,26,ATL,40,9,18.6,3.6,6.5,.546,0.4,1.4,.250,3.2,5.1,.627,.573,1.3,2.0,.630,1.7,4.0,5.8,1.1,0.5,0.8,1.0,2.3,8.7
282,Kawhi Leonard\leonaka01,SF,28,LAC,36,36,32.4,9.6,20.6,.466,2.0,5.5,.364,7.6,15.1,.504,.515,6.2,7.0,.888,1.1,6.5,7.6,5.2,2.0,0.6,3.2,1.9,27.4
283,Meyers Leonard\leoname01,C,27,MIA,47,47,20.1,2.3,4.4,.524,1.0,2.3,.426,1.3,2.1,.633,.636,0.4,0.5,.708,0.6,4.3,4.9,1.1,0.3,0.3,0.7,2.0,5.9
284,Caris LeVert\leverca01,SG,25,BRK,21,9,26.7,5.3,13.6,.388,1.3,3.9,.341,4.0,9.7,.407,.437,2.3,3.4,.676,0.9,2.9,3.8,3.2,0.7,0.1,2.5,1.8,14.2
285,Damian Lillard\lillada01,PG,29,POR,46,46,37.1,9.0,19.8,.456,3.8,9.9,.385,5.2,9.9,.527,.553,7.1,8.0,.886,0.5,3.9,4.3,7.8,1.0,0.3,2.9,1.7,29.0
286,Nassir Little\littlna01,PF,19,POR,36,5,12.6,1.3,3.2,.417,0.3,1.2,.209,1.1,2.0,.542,.457,0.6,1.0,.657,0.8,1.8,2.6,0.5,0.3,0.4,0.4,1.6,3.6
287,Kevon Looney\looneke01,C,23,GSW,10,3,10.5,1.1,3.2,.344,0.1,0.2,.500,1.0,3.0,.333,.359,0.3,0.5,.600,1.5,1.4,2.9,0.4,0.3,0.2,0.6,1.7,2.6
288,Brook Lopez\lopezbr01,C,31,MIL,45,45,26.4,3.7,8.9,.416,1.4,4.7,.297,2.3,4.2,.551,.495,1.4,1.6,.859,0.6,4.0,4.6,1.6,0.7,2.5,0.9,2.2,10.1
289,Robin Lopez\lopezro01,C,31,MIL,43,2,14.3,2.4,4.6,.518,0.4,1.5,.266,2.0,3.1,.639,.561,0.5,1.0,.537,1.0,1.7,2.7,0.7,0.1,0.7,0.9,1.3,5.7
290,Kevin Love\loveke01,PF,31,CLE,41,41,31.1,5.8,12.9,.450,2.5,6.6,.375,3.3,6.3,.529,.546,3.3,3.9,.843,0.8,9.0,9.9,2.8,0.6,0.3,2.6,1.6,17.4
291,Kyle Lowry\lowryky01,PG,33,TOR,36,36,36.9,5.9,14.4,.410,2.9,8.4,.344,3.0,6.0,.502,.511,5.1,5.9,.859,0.5,4.1,4.6,7.4,1.2,0.4,2.8,3.2,19.8
292,Timothé Luwawu-Cabarrot\luwawti01,SG,24,BRK,23,0,15.4,1.7,3.8,.432,0.8,2.0,.404,0.8,1.8,.463,.540,0.8,1.1,.760,0.4,1.7,2.1,0.6,0.4,0.0,0.8,1.7,5.0
293,Trey Lyles\lylestr01,PF,24,SAS,47,37,17.3,1.8,4.5,.405,0.7,2.2,.327,1.1,2.3,.481,.486,0.4,0.6,.654,1.2,4.5,5.7,1.1,0.3,0.3,0.6,1.4,4.7
294,Daryl Macon\maconda01,SG,24,MIA,4,0,3.5,0.3,0.8,.333,0.3,0.5,.500,0.0,0.3,.000,.500,0.0,0.0,,0.0,0.0,0.0,0.3,0.0,0.0,0.5,0.3,0.8
295,Josh Magette\magetjo01,PG,30,ORL,8,0,4.8,0.6,1.9,.333,0.1,0.5,.250,0.5,1.4,.364,.367,0.1,0.3,.500,0.1,0.6,0.8,0.6,0.4,0.1,0.6,0.5,1.5
296,Ian Mahinmi\mahinia01,C,33,WAS,26,23,22.5,2.9,5.8,.503,0.2,0.8,.250,2.7,5.0,.542,.520,2.2,3.4,.636,2.3,3.8,6.0,1.5,0.8,1.4,1.5,3.0,8.2
297,Thon Maker\makerth01,C,22,DET,44,6,11.5,1.3,2.5,.514,0.3,0.8,.333,1.0,1.7,.603,.569,1.3,2.0,.674,0.8,1.6,2.4,0.5,0.4,0.6,0.7,1.5,4.1
298,Terance Mann\mannte01,SG,23,LAC,29,6,8.3,0.7,1.7,.438,0.1,0.3,.200,0.7,1.3,.500,.458,0.3,0.4,.750,0.1,0.8,1.0,1.1,0.2,0.2,0.5,1.1,1.8
299,Boban Marjanović\marjabo01,C,31,DAL,24,1,9.8,2.5,4.5,.560,0.1,0.3,.250,2.5,4.2,.584,.569,1.0,1.4,.706,1.3,3.0,4.4,0.4,0.2,0.2,0.8,1.5,6.2
300,Lauri Markkanen\markkla01,PF,22,CHI,46,46,30.3,5.1,12.0,.424,2.2,6.4,.344,2.9,5.6,.516,.515,2.7,3.2,.826,1.2,5.2,6.5,1.5,0.8,0.5,1.7,2.0,15.0
301,Caleb Martin\martica02,SF,24,CHO,5,0,6.4,0.6,2.0,.300,0.0,0.6,.000,0.6,1.4,.429,.300,0.6,1.0,.600,0.2,0.8,1.0,0.6,0.2,0.4,0.6,0.6,1.8
302,Cody Martin\martico01,SF,24,CHO,33,0,14.4,1.3,3.4,.389,0.3,1.3,.209,1.1,2.1,.500,.429,0.9,1.3,.690,0.6,1.9,2.5,1.2,0.7,0.2,0.6,1.4,3.8
303,Kelan Martin\martike03,SF,24,MIN,18,3,17.3,2.2,6.2,.357,0.8,3.2,.259,1.4,3.0,.463,.424,0.3,0.3,1.000,0.3,3.0,3.3,0.5,0.2,0.3,0.4,1.8,5.6
304,Frank Mason\masonfr01,PG,25,MIL,4,0,4.5,0.3,1.8,.143,0.3,1.0,.250,0.0,0.8,.000,.214,0.5,1.0,.500,0.3,0.3,0.5,1.3,0.3,0.0,0.3,0.5,1.3
305,Garrison Mathews\mathega01,SG,23,WAS,15,0,13.1,1.5,3.3,.460,1.2,2.8,.429,0.3,0.5,.625,.640,1.9,2.1,.906,0.4,1.1,1.5,0.7,0.2,0.1,0.5,1.7,6.2
306,Wesley Matthews\matthwe02,SG,33,MIL,44,44,24.2,2.5,6.0,.406,1.5,4.1,.370,0.9,1.9,.482,.532,0.8,1.1,.755,0.2,2.2,2.4,1.5,0.7,0.1,0.7,1.5,7.3
307,Patrick McCaw\mccawpa01,SF,24,TOR,23,11,25.4,2.2,5.0,.440,0.7,2.1,.333,1.5,3.0,.515,.509,0.3,0.4,.778,0.5,1.7,2.1,2.5,1.2,0.2,1.0,1.7,5.4
308,CJ McCollum\mccolcj01,SG,28,POR,44,44,35.7,8.6,18.9,.455,2.6,6.9,.382,6.0,12.0,.497,.525,1.8,2.3,.765,0.7,3.3,4.0,3.8,0.8,0.7,1.8,2.5,21.6
309,T.J. McConnell\mccontj01,PG,27,IND,46,3,19.5,3.1,6.0,.516,0.1,0.2,.364,3.0,5.8,.523,.523,0.5,0.7,.800,0.5,2.1,2.6,5.5,0.7,0.2,1.4,1.1,6.8
310,Jalen McDaniels\mcdanja01,PF,22,CHO,2,0,3.5,1.0,2.5,.400,0.0,0.5,.000,1.0,2.0,.500,.400,0.0,0.0,,0.5,0.0,0.5,0.0,0.0,0.0,0.0,0.0,2.0
311,Doug McDermott\mcderdo01,PF,28,IND,48,0,21.0,3.9,8.1,.486,2.0,4.3,.461,1.9,3.8,.514,.609,0.6,0.8,.811,0.5,2.2,2.7,1.1,0.1,0.1,0.7,1.8,10.4
312,JaVale McGee\mcgeeja01,C,32,LAL,44,44,17.0,3.2,5.0,.647,0.1,0.1,.600,3.1,4.8,.648,.654,0.8,1.3,.621,2.0,3.9,5.9,0.7,0.5,1.7,0.8,2.4,7.3
313,Rodney McGruder\mcgruro01,SG,28,LAC,35,3,17.1,1.3,3.6,.376,0.5,1.9,.265,0.8,1.6,.509,.448,0.3,0.6,.500,0.6,2.3,2.9,0.7,0.5,0.2,0.4,1.7,3.5
314,Alfonzo McKinnie\mckinal01,SF,27,CLE,33,1,14.1,1.7,3.9,.431,0.3,1.5,.224,1.4,2.5,.556,.473,0.5,0.8,.680,0.9,2.0,2.8,0.4,0.5,0.2,0.6,1.7,4.2
315,Jordan McLaughlin\mclaujo01,PG,23,MIN,13,0,17.5,1.8,4.8,.381,0.8,2.3,.367,1.0,2.5,.394,.468,0.5,0.8,.700,0.2,1.5,1.7,3.2,0.8,0.0,0.8,0.9,5.1
316,Ben McLemore\mclembe01,SG,26,HOU,47,17,23.7,3.4,7.9,.429,2.5,6.6,.378,0.9,1.3,.695,.588,0.8,1.0,.766,0.3,1.9,2.3,0.9,0.6,0.2,0.9,2.2,10.0
317,Jordan McRae\mcraejo01,SG,28,WAS,29,4,22.6,4.6,10.9,.420,1.4,3.7,.377,3.2,7.3,.441,.483,2.2,2.9,.771,0.6,3.0,3.6,2.8,0.7,0.5,1.3,2.1,12.8
318,Nicolò Melli\mellini01,C,29,NOP,36,5,14.9,1.9,4.4,.446,1.0,2.8,.354,1.0,1.6,.603,.557,0.8,1.0,.811,0.5,1.9,2.4,1.0,0.6,0.2,0.8,1.8,5.7
319,De'Anthony Melton\meltode01,PG,21,MEM,35,0,17.9,2.9,6.2,.475,0.6,1.8,.323,2.4,4.4,.535,.521,1.7,1.9,.866,0.7,3.1,3.8,3.1,1.3,0.3,1.5,1.8,8.1
320,Chimezie Metu\metuch01,PF,22,SAS,13,0,4.5,1.2,2.2,.571,0.0,0.0,,1.2,2.2,.571,.571,0.3,0.5,.667,0.7,1.0,1.7,0.2,0.1,0.3,0.2,0.2,2.8
321,Khris Middleton\middlkh01,SF,28,MIL,40,37,28.8,7.4,14.6,.503,2.3,5.3,.432,5.1,9.3,.544,.582,3.2,3.5,.900,0.8,5.1,5.9,3.9,1.0,0.2,2.0,2.2,20.2
322,C.J. Miles\milescj01,SG,32,WAS,10,0,16.1,1.9,5.9,.322,1.1,3.5,.314,0.8,2.4,.333,.415,1.5,2.0,.750,0.4,0.8,1.2,1.2,1.0,0.4,0.4,1.4,6.4
323,Malcolm Miller\millema01,SF,26,TOR,22,1,5.3,0.3,1.0,.333,0.2,0.7,.313,0.1,0.2,.400,.452,0.0,0.3,.167,0.0,0.6,0.6,0.4,0.2,0.1,0.1,0.5,0.9
324,Patty Mills\millspa02,PG,31,SAS,47,1,23.4,4.0,9.2,.434,2.4,6.0,.396,1.6,3.2,.507,.564,1.4,1.7,.825,0.3,1.3,1.7,2.0,0.8,0.1,0.9,1.5,11.8
325,Paul Millsap\millspa01,PF,34,DEN,32,32,24.9,4.1,8.8,.468,1.0,2.3,.413,3.2,6.5,.488,.523,2.7,3.0,.885,2.0,3.8,5.8,1.4,0.9,0.7,1.3,2.8,11.9
326,Shake Milton\miltosh01,SG,23,PHI,15,2,11.7,1.8,4.2,.429,0.7,2.2,.303,1.1,2.0,.567,.508,0.7,1.0,.667,0.3,1.7,1.9,1.1,0.2,0.1,1.1,1.6,4.9
327,Donovan Mitchell\mitchdo01,SG,23,UTA,46,46,34.3,9.2,20.0,.462,2.4,6.6,.368,6.8,13.4,.508,.523,4.1,4.8,.864,0.7,3.5,4.2,4.2,1.2,0.2,2.5,2.4,25.0
328,Naz Mitrou-Long\mitrona01,SG,26,IND,3,0,14.3,2.0,5.3,.375,0.7,3.7,.182,1.3,1.7,.800,.438,0.0,0.0,,0.0,2.0,2.0,2.3,0.3,0.3,0.7,0.3,4.7
329,Adam Mokoka\mokokad01,SG,21,CHI,3,0,3.0,0.0,2.3,.000,0.0,1.3,.000,0.0,1.0,.000,.000,0.0,0.0,,0.7,0.0,0.7,0.0,0.0,0.0,0.0,0.0,0.0
330,Malik Monk\monkma01,SG,21,CHO,45,0,19.6,3.4,7.9,.434,0.9,3.5,.256,2.5,4.4,.573,.490,1.3,1.6,.808,0.4,2.2,2.6,2.0,0.4,0.2,1.3,1.4,9.0
331,Matt Mooney\moonema01,SG,22,CLE,2,0,2.5,0.5,1.0,.500,0.0,0.5,.000,0.5,0.5,1.000,.500,0.0,0.0,,0.0,0.5,0.5,0.5,0.0,0.5,0.0,0.5,1.0
332,E'Twaun Moore\mooreet01,SG,30,NOP,35,5,20.6,3.9,9.2,.427,1.5,3.7,.395,2.5,5.5,.448,.506,0.7,1.0,.639,0.7,2.1,2.8,1.7,0.6,0.1,0.8,1.6,9.9
333,Ja Morant\moranja01,PG,20,MEM,42,42,29.9,6.6,13.5,.489,0.8,2.1,.391,5.8,11.4,.507,.519,3.5,4.5,.782,0.6,2.9,3.5,7.2,1.1,0.3,3.2,1.6,17.5
334,Juwan Morgan\morgaju01,PF,22,UTA,10,0,4.2,0.3,0.6,.500,0.1,0.4,.250,0.2,0.2,1.000,.583,0.0,0.0,,0.1,0.6,0.7,0.1,0.0,0.1,0.2,0.3,0.7
335,Marcus Morris\morrima03,SF,30,NYK,41,41,32.1,6.4,14.6,.438,2.7,6.2,.439,3.7,8.5,.438,.531,3.7,4.5,.815,1.1,4.4,5.5,1.4,0.8,0.4,1.7,3.0,19.2
336,Markieff Morris\morrima02,PF,30,DET,41,16,22.6,4.0,8.9,.453,1.7,4.2,.397,2.3,4.6,.505,.548,1.3,1.7,.783,0.5,3.3,3.9,1.6,0.6,0.2,1.6,2.4,11.0
337,Monte Morris\morrimo01,PG,24,DEN,47,4,19.7,3.1,7.1,.439,0.8,2.0,.398,2.3,5.1,.455,.494,0.7,0.9,.795,0.3,1.4,1.8,3.6,0.7,0.2,0.7,0.9,7.8
338,Johnathan Motley\motlejo01,PF,24,LAC,8,0,2.3,0.5,0.8,.667,0.1,0.1,1.000,0.4,0.6,.600,.750,0.3,0.3,1.000,0.1,0.3,0.4,0.6,0.4,0.0,0.5,0.6,1.4
339,Emmanuel Mudiay\mudiaem01,PG,23,UTA,41,1,16.5,3.0,6.2,.480,0.6,1.7,.353,2.4,4.6,.527,.527,1.0,1.3,.727,0.3,2.1,2.5,2.4,0.4,0.2,1.4,1.4,7.6
340,Dejounte Murray\murrade01,PG,23,SAS,43,35,24.2,4.2,8.6,.486,0.5,1.4,.355,3.7,7.2,.513,.516,1.2,1.6,.779,1.2,4.5,5.7,3.9,1.6,0.3,2.1,2.2,10.1
341,Jamal Murray\murraja01,PG,22,DEN,40,40,32.0,6.5,15.0,.435,1.6,5.0,.322,4.9,10.0,.491,.488,3.0,3.3,.916,0.8,3.3,4.1,4.6,1.4,0.3,2.1,1.7,17.6
342,Džanan Musa\musadz01,SF,20,BRK,33,0,11.9,1.4,4.1,.336,0.4,1.9,.219,0.9,2.1,.443,.388,1.0,1.3,.750,0.5,1.5,2.0,0.9,0.4,0.0,0.8,0.7,4.2
343,Mike Muscala\muscami01,C,28,OKC,35,0,12.8,1.5,4.0,.386,1.1,3.1,.346,0.5,0.9,.515,.518,0.5,0.6,.818,0.3,2.1,2.4,0.9,0.2,0.2,0.4,1.3,4.7
344,Sviatoslav Mykhailiuk\mykhasv01,SF,22,DET,44,16,21.8,2.9,6.8,.431,2.0,4.8,.426,0.9,2.0,.443,.581,0.9,1.0,.867,0.3,1.3,1.6,1.6,0.6,0.1,1.0,1.5,8.7
345,Abdel Nader\naderab01,SF,26,OKC,33,5,15.8,2.2,4.6,.470,0.8,2.3,.364,1.3,2.2,.581,.563,0.8,1.1,.800,0.3,1.2,1.5,0.7,0.3,0.3,0.8,1.3,6.0
346,Larry Nance\nancela02,C,27,CLE,39,5,24.4,3.6,6.8,.525,0.9,2.7,.346,2.6,4.1,.640,.592,0.8,1.3,.633,1.7,5.4,7.2,1.9,0.9,0.4,0.9,1.6,8.8
347,Shabazz Napier\napiesh01,PG,28,MIN,34,20,23.3,3.1,7.6,.405,1.3,4.3,.303,1.8,3.4,.535,.490,1.9,2.4,.802,0.5,2.6,3.0,5.0,1.1,0.2,2.1,1.7,9.4
348,Raul Neto\netora01,PG,27,PHI,39,2,11.2,1.7,3.6,.482,0.6,1.4,.436,1.1,2.2,.512,.568,0.3,0.4,.813,0.2,0.9,1.0,1.6,0.5,0.1,0.8,0.8,4.4
349,Georges Niang\niangge01,PF,26,UTA,41,0,13.7,2.1,4.4,.472,1.3,3.0,.440,0.7,1.3,.545,.625,0.3,0.4,.813,0.2,1.6,1.9,0.7,0.3,0.1,0.4,1.2,5.8
350,Nerlens Noel\noelne01,C,25,OKC,40,6,19.0,3.3,4.8,.684,0.0,0.1,.500,3.3,4.8,.686,.687,1.7,2.1,.805,1.7,3.7,5.3,1.1,1.1,1.6,1.1,2.5,8.3
351,Zach Norvell\norveza01,SG,22,LAL,2,0,2.5,0.0,0.5,.000,0.0,0.0,,0.0,0.5,.000,.000,0.0,0.0,,0.0,0.5,0.5,0.0,0.0,0.0,0.0,0.0,0.0
352,Jaylen Nowell\nowelja01,SG,20,MIN,7,0,11.6,1.6,4.4,.355,0.3,2.4,.118,1.3,2.0,.643,.387,1.0,1.1,.875,0.3,0.4,0.7,0.9,0.0,0.1,0.4,0.4,4.4
353,Frank Ntilikina\ntilila01,PG,21,NYK,44,24,21.0,2.2,5.8,.378,0.8,2.4,.317,1.4,3.4,.420,.443,0.8,0.9,.875,0.4,1.8,2.2,3.0,1.0,0.4,1.3,2.6,5.9
354,Kendrick Nunn\nunnke01,SG,24,MIA,44,44,30.6,6.4,13.9,.461,2.0,5.8,.356,4.4,8.2,.535,.534,1.3,1.6,.831,0.3,2.5,2.8,3.5,0.9,0.2,1.8,2.3,16.2
355,David Nwaba\nwabada01,SF,27,BRK,20,0,13.4,1.9,3.6,.521,0.6,1.4,.429,1.3,2.2,.581,.606,0.9,1.4,.667,0.4,1.9,2.3,0.4,0.6,0.6,0.4,1.6,5.2
356,Royce O'Neale\onealro01,PF,26,UTA,47,44,29.6,2.3,4.9,.465,1.3,3.0,.418,1.0,1.9,.540,.594,0.5,0.6,.852,0.3,4.9,5.2,2.7,0.7,0.3,0.8,3.0,6.3
357,Kyle O'Quinn\oquinky01,C,29,PHI,21,1,10.3,1.4,2.9,.492,0.3,1.0,.333,1.1,1.9,.575,.549,0.1,0.4,.375,1.1,2.6,3.7,1.5,0.2,0.8,0.9,1.4,3.3
358,Semi Ojeleye\ojelese01,PF,25,BOS,44,4,14.7,1.0,2.5,.398,0.5,1.5,.364,0.4,1.0,.452,.509,0.3,0.4,.824,0.4,1.4,1.8,0.5,0.3,0.1,0.2,1.1,2.8
359,Jahlil Okafor\okafoja01,C,24,NOP,25,9,16.1,3.4,5.5,.616,0.0,0.1,.500,3.4,5.4,.618,.620,1.5,2.3,.649,1.8,2.8,4.5,1.4,0.2,0.8,1.4,2.4,8.3
360,Elie Okobo\okoboel01,PG,22,PHO,38,2,12.2,1.4,3.5,.391,0.5,1.4,.352,0.9,2.1,.418,.462,1.1,1.6,.678,0.3,1.2,1.5,2.0,0.4,0.1,0.4,0.9,4.3
361,Josh Okogie\okogijo01,SG,21,MIN,45,13,24.0,2.5,6.4,.396,0.6,2.5,.254,1.9,3.9,.489,.446,2.3,3.0,.761,1.4,3.1,4.5,1.6,1.1,0.4,1.4,2.1,8.0
362,KZ Okpala\okpalkz01,SF,20,MIA,3,0,1.0,0.0,0.0,,0.0,0.0,,0.0,0.0,,,0.0,0.0,,0.0,0.3,0.3,0.0,0.0,0.0,0.3,0.0,0.0
363,Victor Oladipo\oladivi01,SG,27,IND,1,0,21.0,2.0,8.0,.250,1.0,7.0,.143,1.0,1.0,1.000,.313,4.0,4.0,1.000,0.0,2.0,2.0,4.0,0.0,0.0,2.0,0.0,9.0
364,Kelly Olynyk\olynyke01,C,28,MIA,42,0,19.6,2.6,5.6,.462,1.3,3.2,.403,1.3,2.4,.540,.577,1.4,1.6,.879,0.7,3.8,4.6,1.3,0.6,0.3,1.0,2.5,7.8
365,Miye Oni\onimi01,SG,22,UTA,3,0,2.7,0.0,0.0,,0.0,0.0,,0.0,0.0,,,0.0,0.0,,0.0,0.3,0.3,0.0,0.0,0.0,0.3,0.0,0.0
366,Cedi Osman\osmande01,SF,24,CLE,48,48,29.1,4.1,9.2,.447,1.9,4.7,.392,2.3,4.5,.505,.547,0.9,1.4,.662,0.5,2.8,3.4,2.3,0.9,0.3,1.3,2.4,11.0
367,Kelly Oubre\oubreke01,SF,24,PHO,45,45,34.0,6.5,14.4,.454,1.8,5.2,.339,4.7,9.1,.520,.515,3.6,4.5,.784,1.2,5.4,6.5,1.6,1.4,0.8,1.6,3.4,18.4
368,Jabari Parker\parkeja01,PF,24,ATL,32,23,26.2,6.2,12.3,.504,1.0,3.6,.270,5.2,8.7,.601,.543,1.7,2.3,.736,1.7,4.3,6.0,1.8,1.3,0.5,1.9,2.9,15.0
369,Chandler Parsons\parsoch01,SF,31,ATL,5,0,10.8,1.0,3.6,.278,0.8,2.8,.286,0.2,0.8,.250,.389,0.0,0.0,,0.2,1.2,1.4,0.6,0.8,0.2,0.6,0.6,2.8
370,Eric Paschall\pascher01,PF,23,GSW,43,22,27.0,5.2,10.7,.491,0.6,2.1,.289,4.6,8.6,.541,.520,2.6,3.3,.780,1.4,3.3,4.8,1.7,0.6,0.2,1.5,2.1,13.6
371,Anžejs Pasečņiks\pasecan01,C,24,WAS,19,0,19.5,2.8,5.4,.529,0.0,0.1,.000,2.8,5.3,.540,.529,1.6,2.6,.620,1.9,3.0,4.9,0.9,0.4,0.5,1.2,3.1,7.3
372,Patrick Patterson\pattepa01,PF,30,LAC,42,17,13.3,1.7,4.2,.400,1.2,3.1,.374,0.5,1.0,.477,.540,0.6,0.8,.781,0.7,2.0,2.7,0.7,0.1,0.1,0.3,0.9,5.1
373,Justin Patton\pattoju01,C,22,OKC,5,0,4.8,0.8,2.0,.400,0.2,0.8,.250,0.6,1.2,.500,.450,0.0,0.0,,0.2,0.8,1.0,0.4,0.0,0.0,0.4,0.8,1.8
374,Chris Paul\paulch01,PG,34,OKC,48,48,31.6,6.0,12.5,.478,1.6,4.4,.357,4.4,8.0,.545,.542,3.6,4.0,.895,0.3,4.7,5.0,6.5,1.6,0.1,2.1,2.3,17.1
375,Elfrid Payton\paytoel01,PG,25,NYK,31,22,26.6,4.0,9.4,.423,0.4,1.7,.231,3.6,7.7,.464,.443,0.6,1.2,.500,1.1,3.3,4.4,6.5,1.4,0.5,1.9,2.0,8.9
376,Gary Payton\paytoga02,PG,27,WAS,18,14,19.7,2.2,5.2,.426,0.6,2.0,.306,1.6,3.2,.500,.484,0.2,0.4,.571,1.1,2.5,3.6,2.2,1.6,0.4,0.9,2.3,5.3
377,Norvel Pelle\pelleno01,C,26,PHI,14,0,11.1,1.1,1.9,.556,0.0,0.0,,1.1,1.9,.556,.556,0.4,0.7,.500,0.9,2.8,3.6,0.5,0.1,1.5,0.8,2.2,2.5
378,Theo Pinson\pinsoth01,SG,24,BRK,27,0,12.3,1.6,5.5,.297,0.6,2.8,.197,1.1,2.7,.403,.348,0.6,0.6,.938,0.3,1.4,1.7,1.7,0.6,0.1,1.2,1.1,4.4
379,Mason Plumlee\plumlma01,C,29,DEN,43,1,17.4,3.0,4.9,.605,0.0,0.1,.000,3.0,4.8,.617,.605,1.5,2.7,.553,1.8,3.7,5.6,2.4,0.5,0.6,1.5,2.2,7.4
380,Vincent Poirier\poirivi01,C,26,BOS,15,0,5.8,0.7,1.7,.423,0.1,0.1,.500,0.7,1.6,.417,.442,0.2,0.3,.750,0.6,1.2,1.8,0.3,0.1,0.4,0.3,1.1,1.7
381,Jakob Pöltl\poeltja01,C,24,SAS,47,9,17.6,2.3,3.8,.609,0.0,0.0,,2.3,3.8,.609,.609,0.6,1.2,.509,1.9,3.8,5.7,1.9,0.5,1.6,0.8,1.7,5.3
382,Shamorie Ponds\pondssh01,PG,21,TOR,4,0,2.8,0.8,1.3,.600,0.3,0.5,.500,0.5,0.8,.667,.700,0.5,0.5,1.000,0.0,0.3,0.3,0.5,0.0,0.3,0.0,0.5,2.3
383,Jordan Poole\poolejo01,SG,20,GSW,41,9,21.3,2.3,8.4,.277,1.2,4.6,.270,1.1,3.8,.287,.351,1.6,1.9,.810,0.1,1.8,1.9,1.9,0.6,0.2,1.0,1.5,7.5
384,Kevin Porter\porteke02,SF,19,CLE,36,2,21.8,3.4,7.7,.444,0.9,2.8,.320,2.5,4.9,.514,.502,1.1,1.6,.732,0.4,2.8,3.2,1.9,0.9,0.2,1.8,2.6,8.9
385,Michael Porter\portemi01,PF,21,DEN,37,1,13.6,3.0,5.8,.514,0.9,2.2,.432,2.1,3.6,.563,.595,0.7,0.9,.771,1.1,2.9,4.0,0.7,0.4,0.4,0.7,1.6,7.7
386,Otto Porter\porteot01,SF,26,CHI,9,9,25.1,3.9,9.3,.417,1.8,4.4,.400,2.1,4.9,.432,.512,1.7,2.2,.750,0.9,2.6,3.4,1.6,1.0,0.3,0.8,2.2,11.2
387,Bobby Portis\portibo01,C,24,NYK,49,4,20.8,3.8,8.7,.434,1.0,2.8,.353,2.8,5.8,.474,.492,1.0,1.4,.731,1.4,3.9,5.3,1.6,0.5,0.2,1.0,1.8,9.5
388,Kristaps Porziņģis\porzikr01,PF,24,DAL,36,36,30.3,5.9,14.9,.397,2.2,6.4,.341,3.8,8.6,.438,.469,2.8,3.7,.739,1.7,7.2,8.9,1.4,0.6,2.0,1.7,3.1,16.8
389,Dwight Powell\poweldw01,C,28,DAL,40,37,26.5,3.7,5.7,.638,0.3,1.0,.256,3.4,4.8,.716,.659,1.9,2.8,.667,1.9,3.8,5.7,1.5,0.9,0.6,0.9,2.6,9.4
390,Norman Powell\powelno01,SG,26,TOR,36,17,28.3,5.5,11.0,.501,2.1,5.0,.409,3.5,6.0,.579,.594,2.3,2.7,.844,0.6,3.2,3.8,1.8,1.2,0.4,1.5,2.0,15.4
391,Julius Randle\randlju01,PF,25,NYK,47,47,32.3,7.0,15.7,.449,1.1,4.1,.273,5.9,11.6,.511,.484,3.8,5.3,.705,2.3,7.1,9.3,3.3,0.8,0.3,3.0,2.8,19.0
392,Josh Reaves\reavejo02,SG,22,DAL,2,0,0.5,0.0,0.5,.000,0.0,0.0,,0.0,0.5,.000,.000,0.0,0.0,,0.0,0.0,0.0,0.0,0.0,0.0,0.0,0.0,0.0
393,Cam Reddish\reddica01,SF,20,ATL,44,30,26.3,3.2,9.1,.351,1.3,4.1,.309,1.9,5.0,.385,.420,1.6,2.0,.784,0.7,3.2,3.9,1.5,1.1,0.5,1.7,2.2,9.3
394,J.J. Redick\redicjj01,SG,35,NOP,43,35,28.0,4.8,10.7,.454,3.1,6.7,.465,1.7,4.0,.436,.599,2.8,3.2,.890,0.2,2.6,2.8,1.9,0.3,0.2,1.2,1.5,15.6
395,Naz Reid\reidna01,C,20,MIN,14,0,11.1,2.6,6.5,.396,1.1,3.5,.306,1.5,3.0,.500,.478,0.6,1.0,.643,0.7,1.6,2.3,0.9,0.4,0.4,0.6,2.1,6.9
396,Josh Richardson\richajo01,SG,26,PHI,38,38,31.5,5.5,12.6,.436,1.6,4.8,.333,3.9,7.8,.500,.500,2.4,2.9,.818,0.8,2.5,3.3,3.4,1.0,0.6,2.1,2.7,15.0
397,Austin Rivers\riverau01,SG,27,HOU,43,4,23.6,3.1,7.4,.421,1.3,3.9,.337,1.8,3.5,.517,.511,1.0,1.6,.672,0.4,2.0,2.5,1.6,0.7,0.2,0.7,2.0,8.6
398,Duncan Robinson\robindu01,SF,25,MIA,47,42,28.4,4.1,8.8,.461,3.4,7.7,.438,0.7,1.1,.623,.652,0.6,0.7,.909,0.1,3.1,3.3,1.1,0.5,0.3,0.7,2.9,12.1
399,Glenn Robinson\robingl02,SF,26,GSW,45,45,31.8,5.0,10.5,.473,1.4,3.4,.400,3.6,7.0,.509,.539,1.2,1.5,.848,1.4,3.4,4.8,1.6,0.9,0.3,1.0,1.7,12.5
400,Jerome Robinson\robinje01,SG,22,LAC,39,1,11.8,1.2,3.4,.336,0.5,1.7,.288,0.7,1.7,.382,.407,0.3,0.4,.588,0.1,1.4,1.5,1.1,0.3,0.2,0.6,1.3,3.1
401,Justin Robinson\robinju01,PG,22,WAS,9,0,5.4,0.6,1.3,.417,0.3,0.6,.600,0.2,0.8,.286,.542,0.0,0.0,,0.1,0.4,0.6,0.8,0.0,0.1,0.3,0.2,1.4
402,Mitchell Robinson\robinmi01,C,21,NYK,45,7,22.9,4.0,5.5,.718,0.0,0.0,,4.0,5.5,.718,.718,1.4,2.4,.602,2.8,4.0,6.8,0.5,0.9,1.9,0.7,3.3,9.4
403,Isaiah Roby\robyis01,SF,21,OKC,1,0,2.0,0.0,1.0,.000,0.0,0.0,,0.0,1.0,.000,.000,0.0,0.0,,0.0,0.0,0.0,0.0,0.0,0.0,0.0,0.0,0.0
404,Rajon Rondo\rondora01,PG,33,LAL,31,2,21.2,3.0,7.3,.409,0.9,2.7,.349,2.0,4.6,.444,.473,0.7,0.9,.759,0.5,3.1,3.6,5.4,0.9,0.1,2.0,1.2,7.6
405,Derrick Rose\rosede01,PG,31,DET,42,8,26.7,7.7,15.4,.498,0.9,3.0,.315,6.7,12.5,.541,.528,2.6,3.0,.872,0.5,2.1,2.6,6.0,0.8,0.3,2.5,1.1,18.9
406,Terrence Ross\rosste01,SG,28,ORL,46,0,26.0,4.6,11.6,.395,2.2,6.8,.326,2.3,4.8,.493,.491,2.0,2.4,.838,0.2,2.8,3.0,1.0,1.1,0.3,0.9,1.6,13.4
407,Terry Rozier\roziete01,PG,25,CHO,47,47,34.2,6.3,15.0,.423,2.7,6.7,.399,3.7,8.3,.442,.512,2.7,3.2,.859,0.8,3.6,4.4,4.3,1.1,0.1,2.4,2.1,18.1
408,Ricky Rubio\rubiori01,PG,29,PHO,40,40,32.1,4.6,11.4,.406,1.2,3.4,.336,3.5,8.0,.436,.456,2.5,3.0,.810,0.8,3.9,4.7,8.8,1.4,0.2,2.6,2.5,12.9
409,D'Angelo Russell\russeda01,SG,23,GSW,30,30,32.4,8.4,19.5,.433,3.7,9.7,.381,4.7,9.8,.485,.528,3.5,4.5,.776,0.4,3.3,3.6,6.3,0.9,0.3,3.1,2.1,24.0
410,Domantas Sabonis\sabondo01,C,23,IND,45,45,34.4,7.2,13.5,.535,0.2,1.0,.239,7.0,12.4,.559,.544,3.4,4.6,.726,3.4,9.4,12.8,4.6,0.8,0.6,2.7,3.3,18.0
411,JaKarr Sampson\sampsja02,SF,26,IND,17,10,14.2,2.1,3.5,.593,0.1,0.6,.182,1.9,2.8,.688,.610,0.2,0.6,.400,0.6,1.8,2.5,0.2,0.4,0.5,0.4,1.7,4.5
412,Dario Šarić\saricda01,PF,25,PHO,47,43,25.2,3.7,8.3,.442,1.2,3.9,.314,2.4,4.4,.558,.517,1.2,1.4,.853,1.6,4.5,6.1,1.9,0.6,0.3,1.3,2.3,9.8
413,Tomáš Satoranský\satorto01,PG,28,CHI,50,50,28.6,3.7,8.3,.448,1.0,3.1,.340,2.7,5.2,.512,.511,1.6,1.9,.872,1.0,2.7,3.7,5.3,1.4,0.1,1.9,2.0,10.1
414,Admiral Schofield\schofad01,SF,22,WAS,25,2,11.6,1.2,3.0,.400,0.6,1.9,.298,0.6,1.1,.571,.493,0.4,0.5,.692,0.2,1.1,1.3,0.6,0.3,0.1,0.3,1.6,3.3
415,Dennis Schröder\schrode01,PG,26,OKC,48,1,31.2,7.1,15.0,.474,2.1,5.3,.387,5.1,9.7,.521,.542,2.7,3.2,.832,0.3,3.6,3.9,4.1,0.6,0.2,2.6,2.2,19.0
416,Mike Scott\scottmi01,PF,31,PHI,48,7,17.6,2.0,5.0,.388,1.1,3.3,.333,0.9,1.7,.494,.498,0.4,0.5,.870,0.8,2.5,3.4,0.6,0.3,0.1,0.4,1.3,5.4
417,Thabo Sefolosha\sefolth01,PF,35,HOU,31,0,10.2,0.9,2.2,.412,0.4,1.4,.310,0.5,0.8,.577,.507,0.0,0.1,.000,0.4,1.8,2.2,0.6,0.4,0.2,0.3,1.0,2.2
418,Collin Sexton\sextoco01,SG,21,CLE,48,48,32.0,7.5,16.4,.458,1.2,3.5,.351,6.3,12.9,.487,.496,3.2,3.8,.851,1.0,2.3,3.3,2.5,1.0,0.1,2.2,2.0,19.5
419,Landry Shamet\shamela01,SG,22,LAC,30,22,28.2,3.3,7.8,.423,2.3,5.8,.389,1.0,2.0,.525,.568,1.1,1.2,.943,0.1,2.1,2.2,1.7,0.4,0.2,0.9,3.0,10.0
420,Iman Shumpert\shumpim01,SG,29,BRK,13,0,18.5,1.6,4.9,.328,0.6,2.5,.242,1.0,2.4,.419,.391,0.3,0.5,.571,0.7,1.9,2.6,0.9,0.9,0.2,0.8,1.6,4.2
421,Pascal Siakam\siakapa01,PF,25,TOR,36,36,35.0,8.9,19.4,.458,2.3,6.1,.368,6.6,13.3,.499,.516,3.8,4.8,.795,1.2,6.5,7.7,3.4,0.9,0.9,2.5,2.8,23.8
422,Chris Silva\silvach01,PF,23,MIA,32,0,8.1,1.2,1.8,.667,0.0,0.1,.000,1.2,1.7,.691,.667,0.9,1.3,.674,1.5,1.5,3.0,0.5,0.3,0.5,0.9,2.1,3.3
423,Ben Simmons\simmobe01,PG,23,PHI,46,46,36.0,6.6,11.4,.580,0.0,0.1,.400,6.6,11.3,.582,.582,3.0,5.0,.607,1.9,5.8,7.8,8.4,2.2,0.6,3.5,3.3,16.3
424,Anfernee Simons\simonan01,SG,20,POR,48,4,22.8,3.4,8.5,.404,1.1,3.5,.315,2.3,5.0,.466,.469,1.1,1.4,.794,0.4,2.1,2.5,1.5,0.4,0.2,1.0,2.1,9.1
425,Alen Smailagić\smailal01,PF,19,GSW,9,0,10.2,1.8,3.2,.552,0.2,1.0,.222,1.6,2.2,.700,.586,0.9,1.1,.800,0.8,1.7,2.4,0.9,0.1,0.3,0.6,1.1,4.7
426,Marcus Smart\smartma01,SG,25,BOS,37,26,31.5,4.1,11.0,.369,2.2,6.5,.344,1.8,4.5,.406,.472,1.7,2.1,.831,0.8,2.8,3.6,4.8,1.5,0.5,1.4,2.5,12.1
427,Dennis Smith\smithde03,PG,22,NYK,24,1,15.4,2.0,5.8,.336,0.5,1.8,.302,1.4,4.0,.351,.382,0.7,1.4,.500,0.6,1.5,2.1,2.6,0.5,0.3,1.5,2.0,5.2
428,Ish Smith\smithis01,PG,31,WAS,46,12,26.3,4.6,10.1,.458,0.9,2.6,.350,3.7,7.5,.496,.503,0.9,1.3,.667,0.4,2.5,3.0,4.6,0.8,0.4,1.3,1.5,11.0
429,Zhaire Smith\smithzh01,SG,20,PHI,2,0,6.5,0.5,2.5,.200,0.0,1.0,.000,0.5,1.5,.333,.200,0.5,1.0,.500,0.0,0.5,0.5,0.5,0.5,0.0,0.0,0.5,1.5
430,Tony Snell\snellto01,SF,28,DET,42,40,26.4,2.9,6.2,.466,1.9,4.4,.426,1.0,1.9,.557,.615,0.4,0.4,1.000,0.1,1.6,1.8,1.4,0.4,0.2,0.4,1.6,8.0
431,Omari Spellman\spellom01,PF,22,GSW,45,3,17.8,2.7,6.1,.438,0.9,2.2,.406,1.8,3.8,.457,.513,1.4,1.8,.802,1.7,2.9,4.6,0.9,0.7,0.5,1.1,1.2,7.7
432,Max Strus\strusma01,SG,23,CHI,2,0,3.0,1.0,1.5,.667,0.0,0.5,.000,1.0,1.0,1.000,.667,0.5,0.5,1.000,0.5,0.0,0.5,0.0,0.0,0.0,0.0,0.5,2.5
433,Edmond Sumner\sumneed01,PG,24,IND,19,2,13.7,1.8,4.2,.438,0.4,1.4,.308,1.4,2.8,.500,.488,0.4,0.7,.615,0.4,1.0,1.4,1.5,0.6,0.3,0.7,1.4,4.5
434,Caleb Swanigan\swanica01,PF,22,TOT,10,0,6.6,0.6,1.2,.500,0.0,0.0,,0.6,1.2,.500,.500,0.1,0.4,.250,0.7,1.4,2.1,0.6,0.1,0.3,1.1,1.5,1.3
434,Caleb Swanigan\swanica01,PF,22,SAC,7,0,3.3,0.3,0.6,.500,0.0,0.0,,0.3,0.6,.500,.500,0.1,0.3,.500,0.3,0.7,1.0,0.3,0.1,0.3,0.9,1.1,0.7
434,Caleb Swanigan\swanica01,PF,22,POR,3,0,14.3,1.3,2.7,.500,0.0,0.0,,1.3,2.7,.500,.500,0.0,0.7,.000,1.7,3.0,4.7,1.3,0.0,0.3,1.7,2.3,2.7
435,Jayson Tatum\tatumja01,PF,21,BOS,42,42,34.0,7.9,18.2,.435,2.4,6.6,.366,5.5,11.6,.474,.501,3.3,3.9,.841,1.0,5.9,6.9,2.9,1.4,0.8,2.1,2.0,21.5
436,Jeff Teague\teaguje01,PG,31,TOT,40,14,26.8,4.0,9.1,.442,0.9,2.4,.383,3.1,6.7,.463,.492,3.3,3.8,.867,0.5,2.1,2.6,5.9,0.8,0.4,2.2,2.0,12.2
436,Jeff Teague\teaguje01,PG,31,MIN,34,13,27.8,4.3,9.5,.448,1.0,2.6,.379,3.3,7.0,.473,.498,3.7,4.2,.868,0.4,2.1,2.6,6.1,0.7,0.4,2.2,2.1,13.2
436,Jeff Teague\teaguje01,PG,31,ATL,6,1,21.3,2.5,6.3,.395,0.5,1.2,.429,2.0,5.2,.387,.434,0.8,1.0,.833,0.7,1.8,2.5,4.7,0.8,0.2,2.2,1.7,6.3
437,Garrett Temple\templga01,SG,33,BRK,41,29,28.6,3.5,9.5,.368,2.0,6.3,.323,1.5,3.2,.458,.476,1.1,1.4,.759,0.6,2.9,3.4,2.5,0.8,0.4,1.2,1.7,10.1
438,Daniel Theis\theisda01,C,27,BOS,42,41,22.5,3.4,6.2,.544,0.4,1.4,.298,3.0,4.9,.613,.577,1.0,1.5,.698,2.0,4.2,6.1,1.6,0.7,1.5,0.8,3.4,8.2
439,Isaiah Thomas\thomais02,PG,30,WAS,37,34,23.1,4.3,10.4,.415,1.9,4.5,.425,2.4,5.9,.406,.506,1.6,1.9,.806,0.2,1.4,1.6,3.7,0.4,0.2,2.0,2.0,12.1
440,Khyri Thomas\thomakh01,SG,23,DET,2,0,3.0,0.0,0.0,,0.0,0.0,,0.0,0.0,,,0.5,1.0,.500,0.0,0.0,0.0,0.0,0.0,0.0,0.0,0.0,0.5
441,Matt Thomas\thomama02,SG,25,TOR,19,0,10.7,1.6,3.3,.476,1.2,2.5,.468,0.4,0.8,.500,.651,0.3,0.4,.714,0.2,1.1,1.3,0.5,0.2,0.0,0.4,0.8,4.6
442,Tristan Thompson\thomptr01,C,28,CLE,46,46,31.2,5.1,10.0,.514,0.1,0.2,.375,5.1,9.8,.517,.517,1.9,3.0,.638,4.1,6.2,10.3,2.1,0.7,0.9,1.9,2.3,12.2
443,Matisse Thybulle\thybuma01,SG,22,PHI,40,9,20.2,1.7,4.4,.385,1.0,2.8,.369,0.7,1.6,.413,.503,0.6,0.8,.667,0.5,1.1,1.6,1.3,1.6,0.9,1.0,2.2,4.9
444,Anthony Tolliver\tollian01,PF,34,TOT,37,9,16.1,1.2,3.4,.346,0.8,2.7,.313,0.4,0.8,.464,.469,0.4,0.5,.684,0.8,2.4,3.2,0.9,0.2,0.2,0.6,1.6,3.6
444,Anthony Tolliver\tollian01,PF,34,POR,33,9,16.8,1.3,3.5,.368,0.9,2.7,.337,0.4,0.8,.464,.496,0.4,0.6,.684,0.8,2.5,3.3,0.9,0.2,0.3,0.6,1.6,3.9
444,Anthony Tolliver\tollian01,PF,34,SAC,4,0,10.5,0.3,2.5,.100,0.3,2.5,.100,0.0,0.0,,.150,0.0,0.0,,0.5,1.5,2.0,0.8,0.3,0.0,0.5,1.0,0.8
445,Karl-Anthony Towns\townska01,C,24,MIN,30,30,33.5,9.2,18.1,.511,3.4,8.2,.412,5.9,9.9,.593,.604,5.0,6.2,.812,2.7,8.0,10.7,4.2,0.9,1.2,3.2,3.4,26.9
446,Gary Trent\trentga02,SG,21,POR,35,2,16.1,2.1,5.0,.409,1.3,3.2,.398,0.8,1.8,.429,.537,0.4,0.4,.929,0.4,1.1,1.5,0.9,0.5,0.2,0.3,1.1,5.8
447,Allonzo Trier\trieral01,PG,24,NYK,20,1,12.3,1.9,4.3,.435,0.8,2.3,.326,1.1,2.0,.564,.524,1.6,2.0,.795,0.2,1.1,1.3,1.2,0.1,0.2,1.0,1.2,6.0
448,P.J. Tucker\tuckepj01,PF,34,HOU,47,47,35.0,2.7,6.0,.443,1.4,4.0,.364,1.2,2.0,.600,.564,0.7,0.9,.833,1.6,5.6,7.2,1.7,1.2,0.4,1.1,3.4,7.5
449,Rayjon Tucker\tuckera01,SG,22,UTA,11,0,6.5,0.6,1.6,.389,0.0,0.5,.000,0.6,1.1,.583,.389,0.3,0.5,.600,0.2,0.7,0.9,0.2,0.1,0.0,0.3,0.5,1.5
450,Evan Turner\turneev01,PG,31,ATL,18,0,12.8,1.3,3.5,.381,0.0,0.3,.000,1.3,3.2,.414,.381,0.7,0.8,.857,0.4,1.6,2.0,2.0,0.4,0.4,1.4,1.0,3.3
451,Myles Turner\turnemy01,C,23,IND,38,38,28.9,4.3,9.6,.446,1.4,4.2,.335,2.8,5.3,.535,.521,2.1,2.9,.743,1.2,4.8,6.0,1.2,0.7,1.9,1.2,2.6,12.1
452,Jonas Valančiūnas\valanjo01,C,27,MEM,45,45,25.7,6.3,10.7,.588,0.6,1.5,.394,5.7,9.2,.618,.615,1.8,2.5,.732,2.8,7.4,10.2,2.0,0.4,1.0,1.9,2.7,14.9
453,Denzel Valentine\valende01,SF,26,CHI,28,0,12.0,2.2,5.4,.413,1.2,3.3,.374,1.0,2.1,.475,.527,0.2,0.2,1.000,0.1,1.7,1.8,1.1,0.7,0.2,0.7,1.2,5.8
454,Jarred Vanderbilt\vandeja01,SF,20,DEN,6,0,4.2,0.3,0.7,.500,0.0,0.0,,0.3,0.7,.500,.500,0.0,0.0,,0.2,0.5,0.7,0.2,0.2,0.0,0.7,0.3,0.7
455,Fred VanVleet\vanvlfr01,PG,25,TOR,37,37,35.9,6.1,14.9,.407,2.8,7.0,.399,3.3,7.9,.413,.500,3.4,4.1,.833,0.4,3.4,3.7,6.7,2.0,0.4,2.3,2.3,18.3
456,Gabe Vincent\vincega01,PG,23,MIA,1,0,1.0,0.0,1.0,.000,0.0,1.0,.000,0.0,0.0,,.000,0.0,0.0,,0.0,0.0,0.0,0.0,0.0,0.0,0.0,0.0,0.0
457,Noah Vonleh\vonleno01,C,24,MIN,29,1,12.0,1.6,3.0,.547,0.1,0.5,.143,1.6,2.5,.625,.558,0.8,1.0,.821,1.2,2.8,4.0,0.9,0.4,0.2,0.7,1.2,4.1
458,Nikola Vučević\vucevni01,C,29,ORL,37,37,31.6,7.4,16.6,.442,1.7,4.8,.356,5.6,11.8,.477,.493,2.2,2.8,.814,2.7,8.3,11.0,3.5,0.9,0.8,1.4,2.3,18.6
459,Dean Wade\wadede01,PF,23,CLE,9,0,5.6,0.8,1.1,.700,0.2,0.3,.667,0.6,0.8,.714,.800,0.0,0.1,.000,0.2,1.4,1.7,0.1,0.2,0.3,0.3,0.8,1.8
460,Moritz Wagner\wagnemo01,C,22,WAS,21,4,20.4,4.4,7.6,.581,1.0,2.7,.393,3.4,5.0,.683,.650,1.7,2.0,.837,1.6,4.4,6.0,1.3,0.7,0.6,2.0,3.9,11.6
461,Dion Waiters\waitedi01,SG,28,MIA,3,0,14.0,3.3,8.7,.385,2.7,5.7,.471,0.7,3.0,.222,.538,0.0,0.3,.000,0.0,3.7,3.7,1.0,0.0,0.7,1.0,1.7,9.3
462,Kemba Walker\walkeke02,PG,29,BOS,41,41,32.1,7.5,17.0,.440,3.5,8.9,.388,4.0,8.0,.497,.542,3.9,4.5,.869,0.7,3.2,4.0,5.0,1.0,0.6,2.2,1.6,22.3
463,Lonnie Walker\walkelo01,SG,21,SAS,39,1,12.7,2.2,4.9,.446,0.6,1.4,.407,1.6,3.6,.460,.503,0.8,1.1,.721,0.3,1.6,1.9,0.6,0.4,0.1,0.6,1.2,5.8
464,Tyrone Wallace\wallaty01,SG,25,ATL,14,0,11.4,1.0,3.1,.318,0.1,1.1,.067,0.9,2.1,.448,.330,0.8,1.2,.647,0.2,1.4,1.6,0.9,0.5,0.1,0.7,1.4,2.9
465,Taurean Waller-Prince\princta02,SF,25,BRK,46,46,29.9,4.5,11.7,.387,2.5,6.9,.361,2.1,4.9,.424,.493,0.9,1.2,.782,0.8,5.6,6.4,2.1,1.0,0.4,2.0,2.5,12.5
466,Derrick Walton\waltode01,PG,24,LAC,23,1,9.7,0.7,1.6,.472,0.4,0.9,.429,0.3,0.7,.533,.597,0.3,0.4,.778,0.1,0.6,0.7,1.0,0.2,0.0,0.2,0.8,2.2
467,Brad Wanamaker\wanambr01,PG,30,BOS,45,0,18.3,2.1,4.9,.421,0.4,1.4,.323,1.6,3.5,.459,.466,1.7,1.8,.915,0.3,1.7,2.0,2.6,0.6,0.2,1.1,1.8,6.2
468,T.J. Warren\warretj01,SF,26,IND,48,48,32.4,7.3,14.1,.517,1.2,3.1,.381,6.1,11.1,.555,.558,2.6,3.1,.821,1.0,2.8,3.8,1.4,1.1,0.5,1.2,2.6,18.4
469,PJ Washington\washipj01,PF,21,CHO,42,42,30.3,4.5,9.6,.471,1.4,3.5,.401,3.1,6.1,.512,.545,1.7,2.5,.673,0.8,4.6,5.5,2.1,0.9,0.9,1.6,2.8,12.1
470,Yuta Watanabe\watanyu01,SG,25,MEM,5,0,3.8,0.6,1.2,.500,0.2,0.4,.500,0.4,0.8,.500,.583,0.0,0.0,,0.2,0.8,1.0,0.0,0.0,0.2,0.2,0.2,1.4
471,Tremont Waters\watertr01,PG,22,BOS,6,0,9.3,1.5,4.2,.360,0.3,2.3,.143,1.2,1.8,.636,.400,1.0,1.0,1.000,0.0,1.0,1.0,1.3,0.7,0.3,0.8,1.0,4.3
472,Paul Watson\watsopa01,SG,25,ATL,2,0,8.5,0.0,3.5,.000,0.0,1.5,.000,0.0,2.0,.000,.000,0.0,0.0,,0.0,1.0,1.0,1.5,0.5,0.0,0.0,0.5,0.0
473,Russell Westbrook\westbru01,PG,31,HOU,40,40,35.9,10.1,22.1,.455,1.0,4.3,.235,9.1,17.9,.508,.478,5.2,6.6,.787,1.7,6.4,8.1,7.4,1.6,0.4,4.5,3.6,26.3
474,Coby White\whiteco01,SG,19,CHI,50,0,23.9,4.1,10.8,.376,1.8,5.1,.346,2.3,5.7,.402,.457,1.2,1.7,.735,0.4,3.0,3.4,2.1,0.7,0.1,1.5,1.6,11.1
475,Derrick White\whitede01,SG,25,SAS,45,11,23.8,3.4,7.4,.464,1.0,2.6,.383,2.5,4.9,.507,.530,2.1,2.5,.823,0.5,2.5,3.0,3.3,0.6,0.8,1.2,2.1,9.9
476,Hassan Whiteside\whiteha01,C,30,POR,44,44,30.6,6.4,10.7,.600,0.0,0.1,.500,6.4,10.6,.600,.602,2.7,3.7,.739,4.0,9.9,14.0,1.2,0.3,3.1,2.0,3.0,15.6
477,Andrew Wiggins\wiggian01,SF,24,MIN,39,39,34.8,8.6,19.2,.448,2.2,6.7,.333,6.4,12.5,.509,.506,3.5,4.9,.721,1.2,4.0,5.2,3.7,0.7,0.9,2.5,2.4,22.9
478,Grant Williams\willigr01,PF,21,BOS,44,3,15.0,1.2,3.0,.383,0.3,1.3,.237,0.8,1.7,.500,.436,0.7,1.0,.690,0.9,1.7,2.5,1.0,0.4,0.5,0.8,2.3,3.3
479,Johnathan Williams\willijo04,C,24,WAS,9,5,14.7,1.7,2.7,.625,0.0,0.2,.000,1.7,2.4,.682,.625,0.3,0.6,.600,1.6,3.1,4.7,0.7,0.1,0.6,0.3,1.2,3.7
480,Kenrich Williams\willike04,PF,25,NOP,35,18,22.3,1.4,4.1,.343,0.7,2.7,.260,0.7,1.3,.511,.430,0.3,0.7,.375,1.4,3.7,5.1,1.5,0.7,0.6,0.6,2.3,3.8
481,Lou Williams\willilo02,SG,33,LAC,44,6,30.0,6.4,15.2,.419,1.9,5.3,.366,4.4,9.9,.446,.482,5.0,5.8,.870,0.4,2.6,3.1,6.0,0.6,0.2,3.0,1.4,19.7
482,Marvin Williams\willima02,PF,33,CHO,38,0,19.8,2.4,5.3,.450,1.2,3.0,.386,1.2,2.3,.535,.560,1.1,1.3,.896,0.4,2.3,2.7,0.9,0.7,0.5,0.6,1.8,7.0
483,Robert Williams\williro04,C,22,BOS,19,1,14.2,1.7,2.6,.673,0.0,0.0,,1.7,2.6,.673,.673,0.4,0.7,.571,1.2,3.4,4.6,1.1,0.9,1.1,0.8,1.8,3.9
484,Nigel Williams-Goss\willini01,PG,25,UTA,9,0,3.1,0.1,0.8,.143,0.0,0.2,.000,0.1,0.6,.200,.143,0.2,0.2,1.000,0.2,0.3,0.6,0.6,0.1,0.1,0.2,0.2,0.4
485,Zion Williamson\willizi01,PF,19,NOP,4,4,24.0,7.8,12.3,.633,1.0,1.5,.667,6.8,10.8,.628,.673,1.5,4.3,.353,3.0,5.3,8.3,1.5,0.5,0.3,2.5,1.8,18.0
486,D.J. Wilson\wilsodj01,PF,23,MIL,26,0,9.0,1.2,3.0,.405,0.4,1.7,.244,0.8,1.3,.618,.475,0.2,0.3,.714,0.2,1.8,2.0,0.7,0.0,0.2,0.5,0.8,3.1
487,Justise Winslow\winslju01,SF,23,MIA,11,5,32.0,4.5,11.7,.388,0.5,2.5,.222,4.0,9.3,.431,.411,1.6,2.5,.667,1.5,5.2,6.6,4.0,0.6,0.5,2.2,3.5,11.3
488,Christian Wood\woodch01,PF,24,DET,45,1,17.4,3.5,6.1,.582,0.6,1.6,.365,2.9,4.4,.663,.632,2.5,3.4,.729,1.2,4.1,5.3,0.7,0.4,0.8,1.1,1.3,10.2
489,Delon Wright\wrighde01,SG,27,DAL,45,4,20.7,2.8,5.8,.483,0.6,1.7,.364,2.2,4.1,.533,.536,1.1,1.4,.803,1.1,2.8,3.9,3.2,1.2,0.4,0.8,1.3,7.3
490,Thaddeus Young\youngth01,PF,31,CHI,49,5,23.2,3.8,8.8,.431,1.1,3.2,.333,2.7,5.5,.489,.493,0.7,1.1,.600,1.4,3.2,4.6,1.7,1.1,0.3,1.4,1.9,9.3
491,Trae Young\youngtr01,PG,21,ATL,43,43,35.0,9.3,20.7,.447,3.4,9.3,.371,5.8,11.4,.508,.530,7.3,8.7,.839,0.6,3.9,4.6,9.0,1.1,0.1,4.8,1.6,29.2
492,Cody Zeller\zelleco01,C,27,CHO,44,25,23.1,4.4,8.4,.522,0.4,1.5,.254,4.0,6.9,.581,.545,2.1,3.0,.689,2.8,4.2,7.0,1.2,0.6,0.4,1.3,2.5,11.2
493,Ante Žižić\zizican01,C,23,CLE,16,0,9.9,1.8,3.1,.571,0.0,0.0,,1.8,3.1,.571,.571,0.8,0.9,.867,0.9,2.6,3.4,0.2,0.4,0.3,0.3,1.3,4.3
494,Ivica Zubac\zubaciv01,C,22,LAC,47,45,17.6,3.3,5.5,.591,0.0,0.0,.000,3.3,5.5,.595,.591,1.6,2.2,.735,2.6,4.4,7.0,1.0,0.2,0.9,0.9,2.3,8.1
